hit,kapital,verkauf,erst,variabl,mussig,bekomm,fix,verwandelt,unterschied,hatt,industriell,kauft,zweit,erhalt,munz,heraus,bestand,preis,wirklich,vermehrt
1,0,0,3,0,0,0,0,0,0,0,0,0,0,0,0,0,0,0,0,0
2,0,0,4,0,0,0,0,0,0,0,0,0,0,0,0,0,0,0,0,0
3,0,0,5,0,0,0,0,0,0,0,0,0,0,0,0,0,0,0,0,0
4,0,0,5,0,0,0,0,0,0,0,0,0,0,0,0,0,0,0,0,0
5,0,0,5,0,0,0,0,0,0,0,0,0,0,0,0,0,0,0,0,0
6,0,0,5,0,0,0,0,0,0,0,0,0,0,0,0,0,0,0,0,0
7,0,0,5,0,0,0,0,0,0,0,0,0,0,0,0,0,0,0,0,6
8,0,0,5,0,0,0,0,0,0,0,0,0,0,0,0,0,0,0,0,3
9,0,0,11,0,0,0,0,0,0,0,0,0,0,0,0,0,0,0,0,1
10,0,0,17,0,0,0,0,0,0,0,0,0,0,0,0,0,0,0,0,0
11,0,0,11,0,0,0,0,0,0,0,0,0,0,0,0,0,3,0,0,0
12,0,0,8,0,0,0,0,0,0,0,0,0,0,0,0,0,1,0,0,0
13,0,0,7,0,0,0,0,0,0,0,0,0,0,0,0,0,0,0,0,0
14,0,0,3,0,0,0,0,0,0,0,0,0,0,0,0,0,0,0,0,0
15,0,0,4,0,0,0,0,0,0,0,0,0,0,0,0,0,0,0,3,0
16,0,0,5,0,0,0,0,0,0,0,0,0,0,0,0,0,0,3,1,0
17,0,0,5,0,0,0,0,0,0,0,0,0,0,0,0,0,0,1,0,0
18,0,0,5,0,0,0,0,0,0,0,0,0,0,0,0,0,0,0,0,0
19,0,0,5,0,0,0,0,0,0,0,0,0,0,0,0,0,0,0,0,0
20,0,0,5,0,0,0,0,0,0,0,0,0,0,0,0,0,0,0,0,0
21,0,0,2,0,0,0,0,0,0,0,0,0,0,0,0,0,0,0,0,0
22,0,0,1,0,0,0,0,0,0,0,0,0,0,0,0,0,0,0,0,0
23,0,0,7,0,0,0,0,0,0,0,0,0,0,0,0,0,0,0,0,0
24,0,0,26,0,0,0,0,0,0,0,0,0,0,0,0,0,0,0,0,0
25,0,0,16,0,0,0,0,0,0,0,0,0,0,0,0,0,0,0,0,0
26,0,0,11,0,0,0,0,0,0,0,0,0,0,0,0,0,0,0,0,0
27,0,0,8,0,0,0,0,0,0,0,0,0,0,0,0,0,0,0,0,0
28,0,0,4,0,0,0,0,0,0,0,0,0,0,0,0,0,0,0,0,0
29,0,0,5,0,0,0,0,0,0,0,0,0,0,0,0,0,0,0,0,0
30,0,0,2,0,0,0,0,0,0,0,0,0,0,0,0,0,0,0,0,0
31,0,0,4,0,0,0,0,0,0,0,0,0,0,0,0,0,0,0,0,0
32,0,0,5,0,0,0,0,0,0,0,0,0,0,0,0,0,0,0,0,0
33,0,0,5,0,0,0,0,0,0,0,0,0,0,0,0,0,0,0,0,0
34,0,0,2,0,0,0,0,0,0,0,0,0,0,0,0,0,0,0,0,0
35,0,0,1,0,0,0,0,0,0,0,0,0,0,0,0,0,0,0,0,0
36,0,0,0,0,0,0,0,0,0,0,0,0,0,0,0,0,0,0,0,0
37,0,0,3,0,0,0,0,0,0,0,0,0,0,0,0,0,3,0,0,0
38,0,0,1,0,0,0,0,0,0,0,0,0,0,0,0,0,1,0,0,0
39,0,0,0,0,0,0,0,0,0,0,0,0,0,0,0,0,0,0,0,0
40,0,0,0,0,0,0,0,0,0,0,0,0,0,3,0,0,0,0,0,0
41,0,0,0,0,0,0,0,0,0,0,0,0,0,4,0,0,0,0,0,0
42,0,0,0,0,0,0,0,0,0,0,0,0,0,2,0,0,0,0,0,0
43,0,0,0,0,0,0,0,3,0,0,0,0,3,1,0,0,0,0,0,0
44,0,0,0,0,0,0,0,4,0,0,0,0,1,0,0,0,0,0,0,0
45,0,0,0,0,0,0,0,2,0,3,0,0,0,3,0,0,0,0,0,0
46,0,0,0,0,0,0,0,1,0,4,0,0,0,4,0,0,0,0,3,0
47,0,0,0,0,0,0,0,0,0,2,0,0,0,2,0,0,0,0,1,0
48,0,0,0,0,0,0,0,0,0,1,0,0,0,1,0,0,0,0,0,0
49,0,0,3,0,0,0,0,0,0,0,0,0,3,0,0,0,0,0,0,0
50,0,0,1,0,0,0,0,0,0,0,0,0,1,0,0,0,0,0,0,0
51,0,0,0,0,0,0,0,0,0,0,0,0,0,0,0,0,0,0,0,0
52,0,0,0,0,0,0,0,0,0,0,0,0,0,0,0,0,0,0,0,0
53,0,0,0,0,0,0,0,0,0,0,0,0,0,0,0,0,0,0,0,0
54,0,0,0,0,0,0,0,0,0,0,0,0,0,0,0,0,0,0,0,0
55,0,0,0,0,0,0,0,0,0,0,0,0,0,0,0,0,0,0,0,0
56,0,0,0,0,0,0,0,0,0,0,0,0,0,0,0,0,0,0,3,0
57,0,0,0,0,0,0,0,0,0,0,0,0,0,0,0,0,0,0,4,0
58,0,0,3,0,0,0,0,0,0,0,0,0,0,0,0,0,0,0,2,0
59,0,0,4,0,0,0,0,0,0,0,0,0,0,0,0,0,0,0,1,0
60,0,0,5,0,0,0,0,0,0,0,0,0,0,0,0,0,0,0,0,0
61,0,0,5,0,0,0,0,0,0,0,0,0,0,0,0,0,0,0,0,0
62,0,0,5,0,0,0,0,0,0,0,0,0,0,0,0,0,0,0,0,0
63,0,0,2,0,0,0,0,0,0,0,0,0,0,0,0,0,0,0,0,0
64,0,0,1,0,0,0,0,0,0,0,0,0,0,0,0,0,0,0,0,0
65,0,0,0,0,0,0,0,0,0,0,0,0,0,0,0,0,0,0,0,0
66,0,0,0,0,0,0,0,0,0,0,0,0,0,0,0,0,0,0,0,0
67,0,0,3,0,0,0,0,0,0,0,0,0,0,0,0,3,0,0,0,0
68,0,0,4,0,0,0,0,0,0,0,0,0,0,0,0,4,0,3,0,0
69,0,0,5,0,0,0,0,0,0,0,0,0,0,0,0,5,0,4,0,0
70,0,0,2,0,0,0,0,0,0,0,0,0,0,0,0,2,0,2,0,0
71,0,0,1,0,0,0,0,0,0,0,0,0,0,0,0,1,0,8,0,0
72,0,0,0,0,0,0,0,0,0,0,0,0,0,0,0,0,0,4,0,0
73,0,0,0,0,0,0,0,0,0,0,0,0,0,0,0,0,0,2,3,0
74,0,0,0,0,0,0,0,0,0,0,0,0,0,0,0,0,0,4,4,0
75,0,0,0,0,0,0,0,0,0,0,0,0,0,0,0,0,0,5,5,0
76,0,0,0,0,0,0,0,0,0,0,0,0,0,0,0,0,0,5,5,0
77,0,0,0,0,0,0,0,0,0,0,0,0,0,0,0,0,0,2,2,0
78,0,0,3,0,0,0,0,0,0,0,0,0,0,0,0,0,0,1,1,0
79,0,0,1,0,0,0,0,0,0,0,0,0,0,0,0,0,0,11,0,0
80,0,0,0,0,0,0,0,0,0,0,0,0,0,0,0,0,0,8,0,0
81,0,0,3,0,0,0,0,0,0,0,0,0,0,0,0,0,3,7,0,0
82,0,0,1,0,0,0,0,0,0,0,0,0,0,0,0,0,1,3,0,0
83,0,0,0,0,0,0,0,0,0,0,0,0,0,0,0,0,0,1,0,0
84,0,0,0,0,0,0,0,0,0,0,0,0,0,0,0,0,0,7,0,0
85,0,0,0,0,0,0,0,0,0,0,0,0,0,0,0,0,0,6,0,0
86,0,0,0,0,0,0,0,0,0,0,0,0,0,0,0,0,0,12,0,0
87,0,0,6,0,0,0,0,0,0,0,0,0,3,0,0,0,0,9,0,0
88,0,0,12,0,0,0,0,0,0,0,0,0,4,0,0,0,0,7,0,0
89,0,0,18,0,0,0,0,0,0,0,0,0,5,0,0,0,0,6,0,0
90,0,0,9,0,0,0,0,0,0,0,0,0,2,3,0,0,0,25,0,0
91,0,0,4,0,0,0,0,0,0,0,0,0,1,4,0,0,0,79,0,0
92,0,0,2,0,0,0,0,0,0,0,0,0,0,2,0,0,0,39,3,0
93,0,0,1,0,0,0,0,0,0,0,0,0,0,1,0,0,0,19,1,0
94,0,0,0,0,0,0,0,0,0,0,0,0,0,0,0,0,0,9,0,0
95,0,0,3,0,0,0,0,0,0,0,0,0,0,0,0,0,0,4,0,0
96,0,0,1,0,0,0,0,0,0,0,0,0,0,0,0,0,0,5,0,0
97,0,0,0,0,0,0,0,0,0,0,0,0,0,0,0,0,0,5,0,0
98,0,0,0,0,0,0,0,0,3,0,0,0,0,0,0,0,0,2,0,0
99,0,0,0,0,0,0,0,0,1,0,0,0,0,0,0,0,0,4,0,0
100,0,0,0,0,0,0,0,0,0,0,0,0,0,0,0,0,0,2,0,0
101,0,6,0,0,0,0,0,0,0,0,0,0,0,0,0,0,0,1,0,0
102,0,12,0,0,0,0,0,0,0,0,0,0,0,0,0,0,0,0,0,0
103,0,18,0,0,0,0,0,0,0,0,0,0,0,0,0,0,0,0,0,0
104,0,12,3,0,0,0,0,0,0,0,0,0,0,0,0,0,0,0,0,0
105,0,6,1,0,0,0,0,0,0,0,0,0,0,3,0,0,0,0,0,0
106,0,3,0,0,0,0,0,0,0,0,0,0,0,4,0,0,0,0,0,0
107,0,1,3,0,0,0,0,0,0,0,0,0,0,2,0,0,0,0,0,0
108,0,0,4,0,0,0,0,0,0,0,0,0,0,1,0,0,0,0,0,0
109,0,0,2,0,0,0,0,0,0,0,0,0,0,0,0,0,0,3,0,0
110,0,0,1,0,0,0,0,0,0,0,0,0,0,0,0,0,0,4,0,0
111,0,0,0,0,0,0,0,0,0,0,0,0,0,0,0,0,0,5,0,0
112,0,0,0,0,0,0,0,0,0,0,0,0,0,0,0,0,0,2,0,0
113,0,0,0,0,0,0,0,0,0,0,0,0,0,0,0,0,0,1,0,0
114,0,0,0,0,0,0,0,0,0,0,0,0,0,0,0,0,0,0,0,0
115,0,0,0,0,0,0,0,3,0,0,0,0,0,0,0,0,0,0,0,0
116,0,0,0,0,0,0,0,1,0,0,0,0,0,0,0,0,0,6,0,0
117,0,0,0,0,0,0,0,0,0,0,0,0,0,0,0,0,0,12,3,0
118,0,6,0,0,0,0,0,0,0,0,0,0,0,0,0,0,0,9,4,0
119,0,12,0,0,0,0,0,0,0,0,0,0,0,0,0,0,0,7,5,0
120,0,6,3,0,0,0,0,0,0,0,0,0,0,0,0,0,0,3,2,0
121,0,3,4,0,0,0,0,0,0,0,0,0,0,0,0,0,0,1,1,0
122,0,1,5,0,0,0,0,3,0,0,0,0,0,0,0,0,0,0,3,0
123,0,0,5,0,0,0,0,4,0,0,0,0,0,0,0,0,0,0,9,0
124,0,0,2,0,0,0,0,5,0,0,0,0,0,0,0,0,0,0,4,0
125,0,6,1,0,0,0,0,5,0,0,0,0,0,0,0,0,0,0,2,0
126,0,12,0,0,0,0,0,5,0,0,0,0,0,0,0,0,0,0,1,0
127,0,27,6,0,0,0,0,2,0,0,0,0,0,0,0,0,0,0,0,0
128,0,33,12,0,0,0,0,1,0,0,0,0,3,0,0,0,0,0,0,0
129,0,19,18,0,0,0,0,0,0,0,0,0,4,0,0,0,0,0,0,0
130,0,12,24,0,0,0,0,0,0,0,0,0,10,0,0,0,0,0,0,0
131,0,6,30,0,0,0,0,0,0,0,0,0,16,0,0,0,0,0,0,0
132,0,3,15,0,0,0,0,0,0,0,0,0,22,0,0,0,0,3,0,0
133,0,1,7,0,0,0,0,0,0,0,0,0,11,0,0,0,0,4,0,0
134,0,3,3,0,0,0,0,3,0,0,0,0,5,0,0,0,0,5,0,0
135,0,1,4,0,0,0,0,1,0,0,0,0,2,0,0,0,0,5,0,0
136,0,0,5,0,0,0,0,0,0,0,0,0,1,0,0,0,3,5,0,0
137,0,0,2,0,0,0,0,0,0,0,0,0,0,0,0,0,4,2,0,0
138,0,0,1,0,0,0,0,0,0,0,0,0,0,0,0,0,5,1,0,0
139,0,0,3,0,0,0,0,3,0,0,0,0,0,0,0,0,2,0,0,0
140,0,0,4,0,0,0,0,4,0,0,0,0,0,0,0,0,1,0,0,0
141,0,0,10,0,0,0,0,5,0,0,0,0,3,0,0,0,0,0,0,0
142,0,0,16,0,0,0,0,5,0,0,0,0,9,0,0,0,0,0,0,0
143,0,0,11,0,0,0,0,5,0,0,0,0,4,0,0,0,0,0,0,0
144,0,3,5,0,0,0,0,2,0,0,0,0,2,0,0,0,0,0,0,0
145,0,1,5,0,0,0,0,1,0,0,0,0,1,0,0,0,0,0,0,0
146,0,0,5,0,0,0,0,0,0,0,0,0,0,0,0,0,0,0,0,0
147,0,0,5,0,0,0,0,0,0,0,0,0,0,0,0,0,3,0,0,0
148,0,0,5,0,0,0,0,0,0,0,0,0,0,0,0,0,4,0,0,0
149,0,3,5,0,0,0,0,0,0,0,0,0,0,0,0,0,5,0,3,0
150,0,4,5,0,0,0,0,0,0,0,0,0,0,0,0,0,2,0,1,0
151,0,10,5,0,0,0,0,0,0,0,0,3,0,0,0,0,1,0,0,0
152,0,8,5,0,0,0,0,0,0,0,0,1,0,0,0,0,0,0,0,0
153,0,4,2,0,0,0,0,0,0,0,0,0,0,3,0,0,0,0,0,0
154,0,2,8,0,0,0,0,3,0,0,0,0,0,1,0,0,3,0,0,0
155,0,1,4,0,0,0,0,1,0,0,0,0,0,0,0,3,1,0,0,0
156,0,0,5,0,0,0,0,0,0,0,0,0,0,0,0,4,0,0,0,0
157,0,0,5,0,0,0,0,0,0,0,0,0,0,0,0,2,0,0,0,0
158,0,0,5,0,0,0,0,0,0,0,0,0,0,0,0,1,6,0,0,0
159,0,0,2,0,0,0,0,0,0,0,0,0,0,0,0,0,6,3,0,0
160,0,0,8,0,0,0,0,0,0,0,0,0,6,0,0,3,3,1,0,0
161,0,3,7,0,0,0,0,0,0,0,0,0,3,0,0,1,9,0,0,0
162,0,1,3,0,0,0,0,0,0,0,0,0,1,0,0,0,15,0,0,0
163,0,0,1,0,0,0,0,0,0,0,0,0,0,0,0,0,7,0,0,0
164,0,3,3,0,0,0,0,0,0,0,0,0,0,0,0,0,3,0,0,0
165,0,1,4,0,0,0,0,0,0,0,0,0,6,0,0,0,1,0,0,0
166,0,0,10,0,0,0,0,0,0,0,0,0,12,0,0,3,0,0,0,0
167,0,0,16,0,0,0,0,0,0,0,0,0,6,0,0,4,10,0,0,0
168,0,0,11,0,0,0,0,0,0,0,0,0,3,0,0,5,24,0,0,0
169,0,0,5,0,0,0,0,0,0,0,0,0,1,0,0,2,12,3,0,0
170,0,0,2,0,0,0,0,0,0,0,0,0,0,0,0,1,6,4,0,0
171,0,0,1,0,0,0,0,0,0,0,0,0,0,0,0,0,3,5,0,0
172,0,0,3,0,0,0,0,0,0,0,0,0,0,0,0,0,1,11,0,0
173,0,0,4,0,0,0,0,0,0,0,0,0,0,0,0,0,0,5,0,0
174,0,0,2,0,0,0,0,0,0,0,0,0,0,0,0,0,0,2,3,0
175,0,0,1,0,0,0,0,0,0,0,0,0,0,0,0,0,0,4,1,0
176,0,0,3,0,0,0,0,0,0,0,0,0,0,0,0,0,0,2,0,0
177,0,0,1,0,0,0,0,0,0,0,0,0,0,0,0,0,0,1,0,0
178,0,0,0,0,0,0,0,0,0,0,0,0,0,0,0,0,0,0,0,0
179,0,0,3,0,0,0,0,0,0,0,0,0,0,0,0,0,0,0,3,0
180,0,0,1,0,0,0,0,0,0,0,0,0,0,0,0,0,0,3,1,0
181,0,0,0,0,0,0,0,0,0,0,0,0,0,0,0,0,0,4,0,0
182,0,0,0,0,0,0,0,0,0,0,0,0,0,0,3,0,0,2,0,0
183,0,0,0,0,0,0,0,0,0,0,0,0,0,0,4,0,0,1,0,0
184,0,0,0,0,0,0,0,0,0,0,0,0,0,0,5,0,0,0,0,0
185,0,0,3,0,0,0,0,0,0,0,0,0,0,0,2,0,0,0,0,0
186,0,0,1,0,0,0,0,0,0,0,0,0,0,0,4,0,0,0,0,0
187,0,0,0,0,0,0,0,0,0,0,0,0,0,0,2,0,3,0,0,0
188,0,0,0,0,0,0,0,0,0,0,0,0,0,0,1,3,1,0,0,0
189,0,0,3,0,0,0,0,0,0,0,0,0,0,0,0,1,0,0,3,0
190,0,0,1,0,0,0,0,0,0,0,0,0,0,0,3,0,0,3,1,0
191,0,0,0,0,0,0,0,0,0,0,0,0,0,6,4,0,0,1,0,0
192,0,0,0,0,0,0,0,0,0,0,0,0,0,6,5,0,0,0,0,0
193,0,0,0,0,0,0,0,0,0,0,0,0,0,6,11,0,0,0,0,0
194,0,0,0,0,0,0,0,0,0,0,0,0,0,6,8,0,0,0,0,0
195,0,0,0,0,0,0,0,0,0,0,0,0,0,6,7,0,0,0,0,0
196,0,0,3,0,0,0,0,0,0,0,0,0,0,3,3,0,0,0,0,0
197,0,6,9,0,0,0,0,6,0,0,0,0,0,1,4,0,0,0,0,0
198,0,3,4,0,0,0,0,6,0,0,0,0,0,0,2,0,0,0,0,0
199,0,1,2,0,0,0,0,6,0,0,0,0,0,0,1,0,0,0,0,0
200,0,0,1,0,0,0,0,3,0,0,0,0,0,0,0,0,0,0,0,0
201,0,0,0,0,0,0,0,1,0,0,0,0,0,0,0,0,0,0,0,0
202,0,3,0,0,0,0,0,7,0,0,0,0,0,0,0,0,0,0,0,0
203,0,4,0,0,0,0,0,13,0,0,0,0,0,0,0,0,0,0,0,0
204,0,2,0,0,0,0,0,6,3,0,0,0,0,0,0,0,0,0,0,0
205,0,1,3,0,0,0,0,3,1,0,0,0,0,0,0,0,0,0,0,0
206,0,0,4,0,0,0,0,1,0,0,0,0,0,0,0,0,0,0,0,0
207,0,0,5,0,0,0,0,0,0,0,0,0,0,0,0,0,0,0,0,0
208,0,0,2,0,0,0,0,0,0,0,0,0,0,0,0,0,0,0,3,0
209,0,0,1,0,0,0,0,0,0,0,0,0,0,0,0,0,0,0,4,0
210,0,0,0,0,0,0,0,0,0,0,0,0,0,0,0,0,0,0,2,0
211,0,6,0,0,0,0,0,0,0,0,0,0,0,0,0,0,0,0,1,0
212,0,3,0,0,0,0,0,0,0,0,0,0,0,0,6,0,3,3,3,0
213,0,1,0,0,0,0,0,0,0,0,0,0,0,0,12,0,4,4,4,0
214,0,0,3,0,0,0,0,0,0,0,0,0,0,0,6,0,2,2,2,0
215,0,0,4,0,0,0,0,0,0,0,0,0,0,0,3,0,1,1,1,0
216,0,0,5,0,0,0,0,0,0,0,0,6,0,6,1,0,0,0,3,0
217,0,0,2,0,0,0,0,0,0,0,0,6,0,6,0,0,0,0,1,0
218,0,0,1,0,0,0,0,0,0,0,0,3,0,3,0,0,0,0,0,0
219,0,0,0,0,0,0,0,0,0,0,0,1,0,1,0,0,0,0,0,0
220,0,0,3,0,0,0,0,0,0,0,0,0,0,0,0,0,0,3,0,0
221,0,0,4,0,0,0,0,0,0,0,0,0,3,0,0,0,0,4,0,0
222,0,0,5,0,0,0,0,9,0,0,0,0,1,0,0,0,0,2,0,0
223,0,0,2,0,0,0,0,7,0,0,0,0,0,0,0,0,0,1,0,0
224,0,0,1,0,0,0,0,6,0,0,0,0,0,0,0,0,0,0,0,0
225,0,0,0,0,0,0,0,19,0,0,0,0,3,0,0,0,0,0,0,0
226,0,0,0,0,0,0,0,25,0,0,0,0,4,0,0,0,0,0,0,0
227,0,0,0,0,0,0,0,31,0,0,0,0,5,0,0,0,0,0,0,0
228,0,0,9,0,0,0,0,37,0,0,0,0,2,0,0,0,0,3,0,0
229,0,0,22,0,0,0,0,43,0,0,0,0,1,0,0,0,0,4,0,0
230,0,0,42,0,0,0,0,49,0,0,0,0,0,0,0,0,0,5,0,0
231,0,3,24,0,0,0,0,24,0,0,0,0,0,3,0,0,0,2,0,0
232,0,1,12,0,0,0,0,12,0,0,0,0,0,1,0,0,0,4,6,0
233,3,0,6,0,0,0,0,6,0,0,0,3,0,0,0,0,0,2,3,0
234,4,0,3,0,0,0,0,3,0,0,0,1,0,0,0,0,0,1,1,0
235,2,0,1,0,0,0,0,1,0,0,0,0,0,0,0,0,0,0,0,0
236,1,0,0,0,0,0,0,0,0,0,0,0,0,0,0,0,0,0,0,0
237,0,0,0,0,0,0,0,0,0,0,0,0,0,0,0,0,0,0,0,0
238,0,0,0,0,0,0,0,0,0,0,0,0,0,0,0,0,0,0,0,0
239,0,0,0,0,0,0,0,0,0,0,0,0,0,0,0,0,0,0,0,0
240,0,0,0,0,0,0,0,0,0,0,0,0,0,0,0,0,0,0,0,0
241,0,0,0,0,0,0,0,0,0,0,0,0,0,0,0,0,0,0,0,0
242,3,0,0,0,0,0,0,0,0,0,0,0,0,0,0,0,0,0,0,0
243,1,0,3,0,0,0,0,0,0,0,0,0,0,0,0,0,0,0,0,0
244,0,0,4,0,0,0,0,0,0,0,0,0,0,0,0,0,0,3,0,0
245,0,0,2,0,0,0,0,0,0,0,0,0,0,0,0,0,0,1,0,0
246,0,0,1,0,0,0,0,0,0,0,0,0,0,0,0,0,0,0,0,0
247,0,0,0,0,0,0,0,0,0,0,0,0,0,0,0,0,0,0,0,0
248,0,0,3,0,0,0,0,0,0,0,0,0,0,0,0,0,0,0,0,0
249,0,0,1,0,0,0,0,0,0,0,0,0,0,0,3,0,0,3,0,0
250,0,0,3,0,0,0,0,0,0,0,0,0,0,0,1,0,0,1,0,0
251,0,0,1,0,0,0,0,0,0,0,0,0,0,3,0,0,0,0,0,0
252,0,0,0,0,0,0,0,0,0,0,0,0,0,1,0,0,0,0,0,0
253,0,0,0,0,0,0,0,0,0,0,0,0,0,0,0,0,0,0,0,0
254,0,0,3,0,0,0,0,0,3,0,0,0,0,0,0,0,0,0,3,0
255,9,0,1,0,0,0,0,0,1,0,0,0,3,0,0,0,0,0,1,0
256,22,0,0,0,0,0,0,0,0,0,0,0,4,0,0,0,0,0,0,0
257,42,0,0,0,0,0,0,0,0,0,0,0,5,0,0,0,0,0,0,0
258,24,0,3,0,0,0,0,0,0,0,0,0,2,0,0,0,0,0,0,0
259,15,0,9,0,0,0,0,0,0,0,0,0,1,0,0,0,0,0,0,0
260,21,0,15,0,0,0,0,0,0,0,0,0,0,0,0,0,0,0,0,0
261,40,0,21,0,0,0,0,0,0,0,0,0,0,0,0,0,0,0,0,0
262,70,0,27,0,0,0,0,0,0,0,0,0,0,0,0,0,0,0,0,0
263,114,3,16,0,0,0,0,0,0,0,0,0,0,0,0,0,0,0,0,0
264,180,4,11,0,0,0,0,0,0,0,0,0,0,0,0,0,0,0,0,0
265,279,5,8,0,0,0,0,0,0,0,0,0,0,0,0,0,0,0,0,0
266,285,11,4,0,0,0,0,0,0,0,0,0,3,0,0,0,0,0,0,0
267,291,17,2,0,0,0,0,0,0,0,0,0,4,0,0,0,0,0,0,0
268,145,23,1,0,0,0,0,0,0,0,0,0,5,0,0,0,0,0,0,0
269,72,29,0,0,0,0,0,0,0,0,0,0,5,0,0,0,0,0,0,0
270,36,35,0,0,0,0,0,0,0,0,0,0,5,0,0,0,0,0,0,0
271,84,17,0,0,0,0,0,3,0,0,0,0,5,0,0,0,0,0,0,0
272,136,23,3,0,0,0,0,9,0,0,0,3,5,0,0,0,0,0,0,0
273,68,44,4,0,0,0,0,7,0,0,0,4,5,0,0,0,0,0,0,0
274,34,75,5,0,0,0,0,6,0,0,0,5,5,0,0,0,0,0,0,0
275,17,122,5,0,0,0,0,6,0,0,0,5,5,0,0,0,0,0,0,0
276,8,256,2,0,0,0,0,3,0,0,0,5,2,0,0,0,0,0,0,0
277,4,394,1,0,0,0,0,1,0,0,0,5,1,0,0,0,0,0,0,0
278,2,600,0,0,0,0,0,0,0,0,0,5,0,0,0,0,0,0,0,0
279,1,910,0,0,0,0,0,0,0,0,0,5,0,0,0,0,0,0,0,0
280,0,458,0,0,0,0,0,0,0,0,0,2,0,0,0,0,0,0,0,0
281,0,232,0,0,0,0,0,0,0,0,0,1,0,0,0,0,0,0,0,0
282,0,116,0,0,0,0,0,0,0,0,0,3,0,0,0,0,0,0,0,0
283,0,58,0,0,0,0,0,0,3,0,0,4,0,0,0,0,0,0,0,0
284,0,32,0,0,0,0,0,0,1,0,0,2,0,0,0,0,0,0,0,0
285,6,38,0,0,0,0,0,0,0,0,0,1,0,0,0,0,0,0,0,0
286,6,44,3,0,0,0,0,3,0,0,0,0,0,0,0,0,0,0,0,0
287,6,50,4,0,0,0,0,4,0,0,0,0,0,0,0,0,0,0,0,0
288,6,28,5,0,0,0,0,5,0,0,0,0,0,0,0,0,0,0,0,0
289,3,17,5,0,0,0,0,5,0,0,0,0,0,0,0,0,0,0,0,0
290,1,11,2,0,0,0,0,5,0,0,0,0,0,0,0,0,0,0,0,0
291,0,8,1,0,0,0,0,5,0,0,0,0,0,0,0,0,0,0,0,0
292,0,7,0,0,0,0,0,5,0,0,0,0,0,3,0,0,0,0,0,0
293,0,6,0,0,0,0,0,2,0,0,0,0,0,4,0,0,0,0,0,0
294,0,3,0,0,0,0,0,1,0,0,0,0,0,10,0,0,0,0,0,0
295,0,1,0,0,0,0,0,0,0,0,0,0,0,16,0,0,0,0,0,0
296,3,3,0,0,0,0,0,0,3,0,0,3,0,8,0,0,0,0,0,0
297,4,9,0,0,0,0,0,0,4,0,0,1,0,4,0,0,0,0,0,0
298,5,7,3,0,0,0,0,0,2,0,0,0,9,2,0,0,0,0,0,0
299,5,6,4,0,0,0,0,0,1,0,0,0,22,1,0,0,0,0,0,0
300,2,3,10,0,0,0,0,3,0,0,0,0,11,0,0,0,0,0,0,0
301,1,1,16,0,0,0,0,4,0,0,0,0,5,0,0,0,0,0,0,0
302,0,0,11,0,0,0,0,5,0,0,0,0,2,0,0,0,0,0,0,0
303,0,0,8,0,0,0,0,5,0,0,0,0,1,0,0,0,0,0,0,0
304,0,0,4,0,0,0,0,2,0,0,0,0,0,0,0,0,0,0,0,0
305,0,0,2,0,0,0,0,1,0,0,0,0,0,0,0,0,0,0,0,0
306,0,3,1,0,0,0,0,0,0,0,0,0,0,0,0,0,0,0,0,0
307,0,4,0,0,0,0,0,0,0,0,0,0,0,0,0,0,0,0,0,0
308,3,5,0,0,0,0,0,0,6,0,0,0,0,0,0,0,0,0,0,0
309,4,5,0,0,0,0,0,0,12,0,0,0,0,0,0,0,0,0,0,0
310,5,2,0,0,0,0,0,0,9,0,0,0,0,0,0,0,0,0,0,0
311,2,4,0,0,0,0,0,0,4,0,0,0,0,0,0,0,0,0,0,0
312,4,5,0,0,0,0,0,0,2,0,0,0,0,0,0,0,0,0,0,0
313,5,2,0,0,0,0,0,0,1,0,0,0,0,0,0,0,0,0,0,0
314,5,1,0,0,0,0,0,0,0,0,0,0,3,0,0,0,0,0,0,0
315,2,7,0,0,0,0,0,0,0,0,0,0,1,0,0,3,0,0,0,0
316,1,3,0,0,0,0,0,0,0,0,0,0,0,0,0,1,0,0,0,0
317,0,1,0,0,0,0,0,0,0,0,0,0,0,0,0,0,0,0,0,0
318,0,0,0,0,0,0,0,0,0,0,0,0,0,0,0,0,0,0,0,0
319,0,0,0,0,0,0,0,0,0,0,0,0,0,0,0,0,0,0,0,0
320,3,0,0,0,0,0,0,0,0,0,0,0,0,0,0,0,0,0,0,0
321,1,0,0,0,0,0,0,0,0,0,0,0,0,0,0,0,0,0,0,0
322,0,0,0,0,0,0,0,0,0,0,0,0,0,0,0,0,0,0,0,0
323,0,0,0,0,0,0,0,0,0,0,0,0,0,0,0,0,0,0,0,0
324,6,0,0,0,0,0,0,3,0,0,0,0,3,3,0,0,0,0,0,0
325,18,0,0,0,0,0,0,4,0,0,0,0,1,4,0,0,3,0,0,0
326,24,0,0,0,0,0,0,2,0,0,0,0,0,10,0,0,4,0,0,0
327,15,0,0,0,0,0,0,1,0,0,0,0,0,5,0,0,2,0,0,0
328,10,0,0,0,0,0,0,0,0,0,0,0,0,2,0,0,1,0,0,0
329,8,0,0,0,0,0,0,0,0,0,0,0,0,1,0,0,0,0,0,0
330,7,0,0,0,0,0,0,0,0,0,0,0,0,3,0,0,0,0,0,0
331,3,0,0,0,0,0,0,0,0,0,0,0,0,4,0,0,0,0,0,0
332,1,0,0,0,0,0,0,0,0,0,0,0,0,5,0,0,0,0,0,0
333,0,0,0,0,0,0,0,0,0,0,0,0,0,5,0,0,0,0,0,0
334,3,0,0,0,0,0,0,0,3,0,0,0,0,2,0,0,0,0,0,0
335,9,0,0,0,0,0,0,0,1,0,0,0,0,4,0,0,0,0,0,0
336,15,6,3,0,0,0,0,0,0,0,0,0,0,5,0,0,0,0,0,0
337,21,24,4,0,0,0,0,3,0,0,3,0,0,2,0,0,0,0,0,0
338,27,60,2,0,0,0,0,4,0,0,4,0,0,1,0,0,0,0,0,0
339,33,33,1,0,0,0,0,2,0,0,2,0,0,0,0,0,0,0,0,0
340,39,16,0,0,0,0,0,1,0,0,1,0,0,0,0,0,0,0,0,0
341,22,8,0,0,0,0,0,0,0,0,0,0,0,0,0,0,0,0,0,0
342,28,4,0,0,0,0,0,0,0,0,0,0,0,0,0,0,0,0,0,0
343,34,2,0,0,0,0,0,0,0,0,0,0,3,0,0,0,0,0,0,0
344,40,4,0,0,0,0,0,0,0,0,0,0,4,0,0,0,0,0,0,0
345,20,2,0,0,0,0,0,0,0,0,0,0,2,0,0,0,0,3,0,0
346,13,1,0,0,0,0,0,0,0,0,0,0,4,0,0,0,0,1,0,0
347,6,0,0,0,0,0,0,0,0,0,0,0,2,0,0,0,0,3,0,0
348,3,3,6,0,0,0,0,3,0,0,0,0,1,0,0,0,0,4,0,0
349,4,1,3,0,0,0,0,1,0,0,0,0,3,0,0,0,0,2,0,0
350,2,3,1,0,0,0,0,0,0,0,0,0,1,3,0,0,0,1,0,0
351,4,1,0,0,0,0,0,0,0,0,0,0,0,1,0,0,0,0,0,0
352,2,3,0,0,0,0,0,3,0,0,0,0,0,0,0,3,0,0,0,0
353,1,4,0,0,0,0,0,4,0,0,0,0,0,0,0,4,0,0,0,0
354,0,5,0,0,0,0,0,5,6,0,0,0,0,0,0,2,0,0,0,0
355,0,5,0,0,0,0,0,5,12,0,0,0,0,0,0,1,0,0,0,0
356,3,2,0,0,0,0,0,2,6,0,0,0,3,0,0,0,0,3,0,0
357,4,4,0,0,0,0,0,1,3,0,0,0,1,0,0,0,0,1,0,0
358,5,10,0,0,0,0,0,0,1,0,0,3,0,0,0,0,0,0,0,0
359,2,24,0,0,0,0,0,0,0,0,0,9,0,0,0,0,6,0,0,0
360,1,15,0,0,0,0,0,0,0,0,0,22,0,0,0,0,12,0,0,0
361,0,10,0,0,0,0,0,0,0,0,0,28,0,0,0,0,6,0,0,0
362,3,5,0,0,0,0,0,6,0,0,0,14,0,0,0,0,3,0,0,0
363,4,2,0,0,0,0,0,12,0,0,0,7,0,0,0,0,1,0,0,0
364,5,1,0,0,0,0,0,6,0,3,0,3,3,0,0,0,0,0,0,6
365,5,7,0,0,0,0,0,3,0,1,0,1,1,0,0,0,0,0,0,3
366,5,3,0,0,0,0,0,1,0,0,0,0,0,0,0,0,0,0,0,1
367,2,4,0,0,0,0,0,0,0,0,0,0,0,0,0,0,0,0,0,3
368,1,5,0,0,0,0,0,0,0,0,0,0,0,0,0,0,0,0,0,4
369,0,5,0,0,0,0,0,0,0,0,0,0,0,0,0,0,0,0,0,5
370,0,5,3,0,0,0,0,0,0,0,0,0,0,0,0,0,0,0,0,5
371,0,2,4,0,0,0,0,0,0,0,0,0,0,0,0,0,0,0,0,2
372,3,1,2,0,0,0,0,0,0,0,0,0,0,0,0,0,0,0,0,1
373,4,0,1,0,0,0,0,0,0,0,0,0,0,0,0,0,0,0,0,0
374,5,0,0,0,0,0,0,0,0,0,0,0,0,0,0,0,0,0,0,0
375,5,0,0,0,0,0,0,0,0,0,0,0,0,0,0,0,0,0,0,0
376,5,0,0,0,0,0,0,0,0,0,0,0,3,0,0,0,0,9,0,0
377,17,0,0,0,0,0,0,0,0,0,0,0,1,0,0,0,0,4,0,0
378,23,3,0,0,0,0,0,0,0,0,0,3,0,0,0,0,0,5,0,0
379,29,4,0,0,0,0,0,0,0,0,0,4,3,0,0,0,0,5,0,0
380,35,2,0,0,0,0,0,0,3,0,0,2,4,0,0,0,0,2,0,0
381,41,4,0,0,0,0,0,0,1,0,0,1,2,0,0,0,0,1,0,0
382,47,5,0,0,0,0,0,0,0,0,0,0,1,0,0,0,0,0,0,0
383,23,2,0,0,0,0,0,0,0,0,0,0,0,0,0,0,0,0,0,0
384,11,1,3,0,0,0,0,0,0,0,0,0,0,0,0,0,0,0,0,0
385,17,0,1,0,0,0,0,0,0,0,0,0,3,0,0,0,0,0,0,0
386,11,0,0,0,0,0,0,0,0,0,0,0,1,3,0,0,0,0,0,0
387,8,0,0,0,0,0,0,0,0,0,0,0,0,1,0,0,0,0,0,0
388,7,0,0,0,0,0,0,0,0,0,0,0,3,0,0,0,0,0,0,0
389,6,0,0,0,0,0,0,0,0,0,0,0,1,0,0,0,0,0,0,0
390,3,3,3,0,0,0,0,0,0,0,0,0,0,0,0,0,0,0,6,0
391,4,1,4,0,0,0,0,0,0,0,0,0,3,0,0,0,0,6,3,0
392,5,0,10,0,0,0,0,0,0,0,0,0,4,0,0,0,0,12,1,0
393,5,0,5,0,0,0,0,0,0,0,0,3,2,0,0,0,0,9,0,0
394,2,3,2,0,0,0,0,0,0,0,0,1,4,0,0,0,0,4,0,0
395,4,1,1,0,0,0,0,3,0,0,0,0,2,0,0,0,0,15,0,0
396,2,0,0,0,0,0,0,1,0,0,0,3,1,0,0,0,0,7,0,0
397,1,0,0,0,0,0,0,0,0,0,0,4,0,0,0,0,0,3,0,0
398,0,0,0,0,0,0,0,0,0,0,0,5,0,0,0,0,0,1,0,0
399,0,0,0,0,0,0,0,0,0,0,0,2,0,0,0,0,0,0,0,0
400,0,0,0,0,0,0,0,0,0,0,0,1,0,0,0,0,0,0,0,0
401,3,0,0,0,0,0,0,6,0,0,0,0,0,0,0,0,0,0,0,0
402,1,0,0,0,0,0,0,12,0,0,0,0,0,0,0,0,0,0,0,0
403,0,0,0,0,0,0,0,6,0,0,0,0,0,3,0,0,0,0,0,0
404,0,0,0,0,0,0,0,3,0,0,0,0,0,4,0,0,0,0,0,0
405,0,0,0,0,0,0,0,1,0,0,0,3,0,2,0,0,0,0,0,0
406,3,0,0,0,0,0,0,0,0,0,0,1,0,1,0,0,0,0,0,0
407,1,0,0,0,0,0,0,0,0,0,0,0,0,0,0,0,0,0,0,0
408,0,0,0,0,0,0,0,0,0,0,0,0,0,0,0,0,0,0,0,0
409,0,0,0,0,0,0,0,0,0,0,0,0,0,0,0,0,0,0,0,0
410,0,0,0,0,0,0,0,3,0,0,0,0,0,0,0,0,0,0,0,0
411,0,0,0,0,0,0,0,4,0,0,0,0,0,0,0,0,0,0,0,0
412,0,0,0,0,0,0,0,5,0,0,0,0,0,0,0,0,0,0,0,0
413,6,0,0,3,0,0,0,2,0,0,0,0,0,0,0,0,0,0,0,0
414,12,0,0,4,0,0,0,1,0,0,0,0,0,0,0,0,0,0,0,0
415,18,0,0,5,0,0,0,0,0,0,0,0,0,0,0,0,0,0,0,0
416,9,0,3,2,0,0,0,3,0,0,0,0,0,0,0,0,0,0,3,0
417,4,0,1,1,0,0,0,1,0,0,0,0,0,0,0,0,0,0,1,0
418,2,0,0,0,0,0,0,0,0,0,0,0,0,0,0,0,0,0,0,0
419,1,0,0,0,0,0,0,0,0,0,0,0,0,0,0,0,0,0,0,0
420,3,0,3,0,0,0,0,0,0,0,0,3,0,0,0,0,0,0,0,0
421,1,3,1,0,0,0,0,0,0,0,0,1,0,0,0,0,0,0,3,0
422,0,1,0,3,0,0,0,0,0,0,0,0,0,0,0,0,0,0,1,0
423,0,0,0,1,0,0,0,0,0,0,0,0,0,0,0,0,0,12,0,0
424,0,0,3,0,0,0,0,0,0,0,0,0,0,0,0,0,0,9,0,0
425,0,0,1,0,0,0,0,0,0,0,0,0,0,0,0,0,0,7,0,0
426,0,0,0,0,0,0,0,0,0,0,0,0,0,0,0,0,0,33,0,0
427,0,0,0,0,0,0,0,0,0,0,0,0,0,0,0,0,0,59,0,0
428,3,3,0,0,0,0,0,0,3,0,0,0,0,0,0,0,0,29,0,0
429,1,1,0,0,0,0,0,0,1,0,0,0,0,0,0,0,0,71,0,0
430,0,0,0,0,0,0,0,0,0,0,0,0,0,0,0,0,0,35,0,0
431,0,3,0,0,0,0,0,0,0,0,0,0,0,3,0,0,0,20,0,0
432,6,4,3,0,0,0,0,0,0,0,0,0,0,1,0,0,0,10,9,0
433,3,2,4,0,0,0,0,0,0,0,0,0,0,0,0,0,0,5,4,0
434,1,1,2,0,0,0,0,0,0,0,0,0,0,0,0,0,0,11,2,0
435,0,0,1,0,0,0,0,0,0,0,0,0,0,0,0,0,0,5,1,0
436,0,0,3,0,0,0,0,0,0,0,0,0,3,0,0,0,0,2,3,0
437,6,0,4,0,0,0,0,0,0,0,0,0,1,0,0,0,0,1,1,0
438,12,0,5,0,0,0,0,0,0,0,0,0,0,0,0,0,0,0,0,0
439,27,0,2,0,0,0,0,3,0,0,0,0,0,0,0,0,0,0,0,0
440,13,0,1,0,0,0,0,4,0,0,0,0,0,3,0,0,9,0,0,0
441,6,0,0,0,0,0,0,5,0,0,0,0,0,4,0,0,22,0,0,0
442,3,0,0,0,0,0,0,5,0,0,0,0,0,2,0,0,11,0,0,0
443,4,0,3,0,0,0,0,2,0,0,0,0,0,1,0,0,5,0,0,0
444,5,0,4,0,0,0,0,1,0,0,0,0,0,0,0,0,2,0,0,0
445,2,0,5,0,0,0,0,0,0,0,0,0,3,0,0,0,1,0,0,0
446,1,0,2,0,0,0,0,0,0,0,3,0,1,0,0,0,0,0,0,0
447,3,0,1,0,0,0,0,6,0,0,1,0,0,0,0,0,0,0,0,0
448,4,0,3,0,0,0,0,3,0,0,0,3,0,0,0,0,0,3,0,0
449,2,0,4,0,0,0,0,1,0,0,0,1,0,0,0,0,0,1,0,0
450,8,0,2,6,0,0,0,3,0,0,0,0,0,0,0,0,0,0,0,0
451,7,0,4,3,0,0,0,1,0,0,3,0,0,0,0,0,0,0,0,0
452,3,0,2,1,0,0,0,0,0,0,9,0,0,0,0,0,0,0,0,0
453,1,0,1,0,0,0,0,0,0,0,4,0,0,0,0,0,0,0,0,0
454,0,0,0,0,0,0,0,0,0,3,2,0,0,0,0,0,0,0,0,0
455,0,0,0,0,0,0,0,0,0,1,1,0,0,3,0,0,0,0,0,0
456,0,0,0,0,0,0,0,0,0,0,0,0,0,1,0,0,0,0,0,0
457,0,0,0,0,0,0,0,3,0,0,0,0,0,0,0,0,0,3,0,0
458,0,0,0,0,0,0,0,1,0,0,0,0,0,0,0,0,0,4,0,0
459,0,0,0,0,0,0,0,0,0,0,0,0,0,0,0,0,0,2,0,0
460,0,0,0,0,0,0,0,0,0,0,0,0,0,0,0,0,0,1,0,0
461,0,0,0,0,0,0,0,0,0,0,0,0,0,0,0,0,0,0,0,0
462,0,0,3,0,0,0,0,0,0,0,0,0,0,0,0,0,0,0,0,0
463,0,0,1,0,0,0,0,0,0,0,0,0,0,0,0,0,0,0,0,0
464,0,0,0,0,0,0,0,0,0,0,0,0,0,0,0,0,0,3,3,0
465,0,0,0,0,0,0,0,0,0,0,0,0,0,0,0,0,0,1,4,0
466,12,0,0,0,0,0,0,3,0,0,0,0,0,0,0,0,0,0,2,0
467,18,0,0,0,0,0,0,1,0,0,0,0,0,0,0,0,0,0,1,0
468,12,0,0,0,0,0,0,0,0,0,0,0,0,0,0,0,0,0,0,0
469,6,0,0,0,0,0,0,0,0,0,0,0,0,0,0,0,0,0,0,0
470,3,0,0,0,0,0,0,0,0,0,0,0,0,0,0,0,0,0,0,0
471,4,0,0,0,0,0,0,0,0,0,0,0,0,0,0,0,0,0,0,0
472,2,0,0,0,0,0,0,0,0,0,0,0,0,0,0,0,3,0,0,0
473,4,0,0,0,0,0,0,3,0,3,3,0,0,0,0,0,1,0,0,0
474,2,0,0,0,0,0,0,1,0,1,1,0,0,3,0,0,0,0,0,0
475,4,0,0,0,0,0,0,0,0,0,0,0,0,1,3,0,0,0,0,0
476,5,0,0,0,0,0,0,0,0,0,0,0,0,0,4,0,0,0,0,0
477,2,0,0,0,0,0,0,0,0,0,0,0,0,0,2,0,0,0,0,0
478,8,0,0,0,0,0,0,0,0,0,0,0,0,0,1,0,0,0,0,0
479,7,3,0,0,0,0,0,0,0,0,0,0,0,0,0,0,0,0,0,0
480,26,1,3,0,0,0,0,0,0,0,0,0,0,0,0,0,0,0,0,0
481,13,0,1,0,0,0,0,0,0,0,0,0,0,0,0,0,0,0,0,0
482,6,3,0,0,0,0,0,0,0,0,0,0,0,0,0,0,0,6,0,0
483,6,1,3,0,0,0,0,0,0,0,0,0,3,0,0,0,0,3,0,0
484,6,0,9,0,0,0,0,0,0,0,0,0,4,0,0,0,0,1,0,0
485,6,0,7,0,0,0,0,0,0,0,0,0,2,0,0,0,0,0,0,0
486,3,0,6,0,0,0,0,0,0,0,0,0,1,0,0,0,0,0,0,0
487,9,0,6,0,0,0,0,0,0,0,0,0,0,0,0,0,0,0,0,0
488,7,0,12,0,0,0,0,0,0,0,0,0,0,0,0,0,0,0,0,0
489,6,0,18,0,0,0,0,0,0,0,0,0,0,0,0,0,0,0,0,0
490,3,0,9,0,0,0,0,0,0,0,0,0,0,0,0,0,0,0,0,0
491,4,0,4,0,0,0,0,0,0,0,0,0,0,0,0,0,0,0,0,0
492,2,3,15,0,0,0,0,0,0,0,0,0,3,0,0,0,0,0,0,0
493,4,1,10,0,0,0,0,0,0,0,0,0,4,0,0,0,0,0,0,0
494,10,0,5,0,0,0,0,0,0,0,0,0,2,0,0,0,0,0,3,0
495,5,0,5,0,0,0,0,0,0,0,0,0,1,0,0,0,0,0,1,0
496,2,0,5,0,0,0,0,0,0,0,0,0,0,0,0,0,0,6,0,0
497,1,3,2,0,0,0,0,3,0,0,0,0,0,0,0,0,0,3,0,0
498,0,4,1,0,0,0,0,9,0,0,0,0,0,0,0,0,0,1,0,0
499,0,5,0,0,0,0,0,15,0,0,0,0,0,0,0,0,0,3,0,0
500,0,5,0,0,0,0,0,21,0,0,0,0,0,3,0,0,0,4,0,0
501,0,5,0,0,0,0,0,13,0,0,0,0,0,4,0,0,0,5,0,0
502,0,11,0,0,0,0,0,9,0,0,0,0,0,5,0,0,0,5,0,0
503,6,5,9,0,0,0,0,7,0,0,0,3,0,2,0,0,0,2,0,0
504,3,2,4,0,0,0,0,3,0,0,0,1,0,1,0,0,0,1,0,0
505,1,1,2,0,0,0,0,1,0,0,0,0,0,0,0,0,0,0,0,0
506,0,0,1,0,0,0,0,0,0,0,0,0,0,0,0,0,0,0,0,0
507,0,0,0,0,0,0,0,0,0,0,0,0,0,0,0,3,0,0,0,0
508,3,0,3,0,0,0,0,0,0,0,0,0,3,0,0,1,0,0,0,0
509,4,6,1,0,0,0,0,0,0,0,0,0,4,0,0,0,0,0,0,0
510,2,18,0,0,0,0,0,0,0,0,0,0,2,0,0,0,0,0,0,0
511,1,36,0,0,0,0,0,0,0,0,0,0,1,0,0,0,0,0,0,0
512,0,63,0,0,0,0,0,0,0,0,0,0,0,0,0,0,0,0,0,0
513,3,31,6,0,0,0,0,0,0,0,3,0,0,0,0,0,3,0,0,0
514,1,15,3,0,0,0,0,0,0,0,4,0,3,0,0,0,4,0,0,0
515,0,7,1,0,0,0,0,0,0,0,5,0,4,0,0,0,2,0,0,0
516,3,3,3,0,0,0,0,0,0,0,2,0,2,0,0,0,1,0,0,0
517,4,4,1,0,0,0,0,0,0,0,1,0,4,0,0,0,0,0,0,0
518,5,5,0,0,0,0,0,0,0,0,0,0,2,3,0,0,0,0,0,0
519,2,11,0,0,0,0,0,0,0,0,0,0,1,1,0,0,0,0,0,0
520,1,17,0,0,0,0,0,0,0,0,0,0,0,0,0,0,0,0,0,0
521,7,8,0,0,0,0,0,0,0,0,0,0,0,3,0,0,0,0,0,0
522,6,4,0,0,0,0,0,3,0,0,0,0,0,1,0,0,0,0,0,0
523,3,2,6,0,0,0,0,1,3,0,0,0,0,0,0,0,0,0,0,0
524,4,1,12,0,0,0,0,0,4,0,0,0,0,0,0,0,0,0,0,0
525,5,0,6,0,0,0,0,0,2,0,0,0,0,0,0,0,0,0,0,0
526,2,6,3,0,0,0,0,0,1,3,0,0,0,3,0,0,0,0,0,0
527,4,3,4,0,0,0,0,0,0,1,0,0,0,1,0,0,0,0,0,0
528,2,1,10,0,0,0,0,3,0,0,0,0,3,3,0,0,0,0,0,0
529,1,0,8,0,0,0,0,1,0,0,0,0,9,1,0,0,0,0,0,0
530,0,0,7,0,0,0,0,0,0,0,0,0,15,0,0,0,0,0,0,0
531,0,0,6,0,0,0,0,0,0,0,0,0,21,0,0,0,0,0,0,0
532,0,0,3,0,0,0,0,0,0,0,0,0,13,0,0,0,0,0,0,0
533,0,0,4,0,0,0,0,0,0,0,0,0,9,0,0,0,0,0,0,0
534,0,0,10,0,0,0,0,3,0,0,0,0,7,0,0,0,0,0,0,0
535,0,0,5,0,0,0,0,4,0,0,0,0,3,0,0,0,0,0,0,0
536,6,0,5,0,0,0,0,2,0,0,0,0,1,0,0,0,0,0,0,0
537,3,0,2,0,0,0,0,1,3,0,0,0,0,0,0,0,0,0,0,0
538,9,0,1,0,0,0,0,0,1,3,0,0,0,0,0,0,0,0,0,0
539,4,0,11,0,0,0,0,0,0,1,0,0,0,0,0,0,0,0,0,0
540,2,0,25,0,0,0,0,0,0,0,0,0,0,0,0,0,0,0,0,0
541,1,0,63,0,0,0,0,0,0,0,0,0,0,0,0,0,0,0,0,0
542,0,0,104,0,0,0,0,0,0,0,0,0,0,0,0,0,0,0,0,0
543,6,0,52,0,0,0,0,0,3,0,0,0,0,0,0,0,0,0,0,0
544,3,0,26,0,0,0,0,3,1,0,0,0,0,0,0,0,0,0,0,0
545,4,0,64,0,0,0,0,9,0,0,0,0,6,0,0,0,0,0,0,0
546,5,0,140,0,0,0,0,15,0,0,0,0,18,0,0,0,0,0,0,0
547,2,0,219,0,0,0,0,21,0,0,0,0,36,0,0,0,0,0,0,0
548,1,0,337,0,0,0,0,27,0,0,0,0,63,0,0,0,0,0,0,0
549,0,0,515,0,0,0,0,33,0,0,0,0,103,0,0,0,0,0,0,0
550,0,0,257,0,0,0,0,16,0,0,0,0,51,3,0,0,0,0,0,0
551,0,0,128,0,0,0,0,8,0,0,0,0,25,1,0,0,0,0,0,0
552,3,0,64,0,0,0,0,4,0,0,0,0,12,0,0,0,0,0,0,0
553,4,0,32,0,0,0,0,2,0,0,3,0,6,0,0,0,0,0,0,0
554,5,0,16,0,0,0,0,1,0,0,4,0,3,0,0,0,0,0,0,0
555,2,0,8,0,0,0,0,0,0,0,2,0,1,0,0,0,0,0,3,0
556,4,0,4,0,0,0,0,0,0,0,1,0,0,0,0,0,0,0,1,0
557,2,0,2,0,0,0,0,0,0,0,0,0,0,0,0,0,0,0,0,0
558,1,0,1,0,0,0,0,0,0,0,0,0,0,0,0,0,0,0,0,0
559,3,0,0,0,0,0,0,0,0,0,6,0,0,0,0,0,0,3,0,0
560,19,0,3,3,0,0,0,3,0,0,3,0,0,0,0,0,0,1,0,0
561,25,0,4,4,0,0,0,1,0,0,1,0,0,0,0,0,3,0,0,0
562,31,3,2,5,0,0,0,0,0,0,0,0,0,0,0,0,1,0,0,0
563,15,1,1,2,0,0,0,0,0,0,0,0,0,0,0,0,0,0,0,0
564,7,0,0,1,0,0,0,0,0,0,0,0,3,0,0,0,0,0,0,0
565,3,0,3,0,0,0,0,0,0,0,0,0,9,0,0,0,6,0,0,0
566,1,0,4,0,0,0,0,0,0,0,0,0,22,0,0,0,12,0,0,0
567,7,0,21,0,0,0,0,0,0,0,0,0,11,0,0,0,6,0,0,0
568,3,0,10,0,0,0,0,0,0,0,3,0,5,3,0,0,3,0,3,0
569,1,3,16,0,0,0,0,0,0,0,4,0,2,1,0,0,1,0,1,0
570,0,1,8,0,0,0,0,0,0,0,2,0,1,0,0,0,0,0,0,0
571,0,0,4,0,0,0,0,0,0,0,1,0,0,0,0,0,0,0,0,0
572,0,0,2,0,0,0,0,0,0,0,0,0,0,0,0,0,0,0,0,0
573,0,0,4,0,0,0,0,0,0,0,0,0,0,0,0,0,0,0,0,0
574,0,0,5,0,0,0,0,0,0,0,0,0,0,0,0,0,0,0,0,0
575,0,0,2,0,0,0,0,0,0,0,0,0,0,0,3,0,0,0,0,0
576,0,0,1,0,0,0,0,3,0,0,0,0,0,0,1,0,0,0,0,0
577,3,0,0,0,0,0,0,1,0,0,0,0,0,3,0,0,0,0,0,0
578,1,0,0,0,0,0,0,0,0,0,0,0,0,1,0,0,0,0,0,0
579,0,0,9,0,0,0,0,0,0,0,0,0,0,0,0,0,0,0,0,0
580,0,0,7,0,0,0,0,3,0,0,0,0,0,6,0,0,0,0,0,0
581,0,0,6,0,0,0,0,1,0,0,0,0,3,6,0,0,0,0,0,0
582,3,0,3,0,0,0,0,0,3,0,0,0,4,3,0,0,0,0,0,0
583,1,0,4,0,0,0,0,3,1,0,0,0,2,1,0,0,0,0,0,0
584,0,0,2,0,0,0,0,4,0,0,0,0,1,0,0,0,3,0,0,0
585,0,3,1,0,0,0,0,5,0,0,0,0,0,0,0,0,1,0,0,0
586,6,9,0,0,0,0,0,2,0,0,0,0,0,0,0,0,0,3,3,0
587,3,4,0,0,0,0,0,1,0,0,0,0,0,0,0,0,0,1,1,0
588,1,2,0,0,0,0,0,0,0,0,0,0,0,0,0,0,0,0,0,0
589,0,1,0,0,0,0,0,0,0,0,0,0,0,0,0,0,0,0,0,0
590,0,0,0,0,0,0,0,0,0,0,0,0,0,0,0,0,0,0,0,0
591,0,0,3,0,0,0,0,3,0,0,0,0,0,0,0,0,0,0,0,0
592,0,0,9,0,0,0,0,4,0,0,0,0,0,0,0,0,0,0,0,0
593,0,0,7,0,0,0,0,2,0,0,3,0,0,0,0,0,0,0,0,0
594,3,0,20,0,0,0,0,1,0,0,4,0,3,0,0,0,0,0,0,0
595,4,0,39,0,0,0,0,0,0,0,5,0,4,0,0,0,0,0,0,0
596,10,0,19,0,0,0,0,0,3,0,11,0,2,0,0,0,0,0,0,0
597,8,0,9,0,0,0,0,0,1,0,5,0,1,0,0,0,0,0,0,0
598,4,0,4,0,0,0,0,0,0,0,17,0,0,0,0,0,0,0,0,0
599,5,0,2,0,0,0,0,0,0,0,11,0,0,0,0,0,0,0,0,0
600,5,0,1,0,0,0,0,0,0,0,8,0,0,0,0,0,0,0,0,0
601,5,0,0,0,0,0,0,3,0,0,7,0,0,0,0,0,0,0,0,0
602,11,0,0,0,0,0,0,1,0,0,6,0,0,0,0,0,0,0,0,0
603,8,0,0,0,0,0,0,0,0,0,3,0,0,0,0,0,0,0,0,0
604,7,0,0,0,0,0,0,0,0,0,1,0,0,0,0,0,0,0,0,0
605,3,0,0,0,0,0,0,0,0,0,0,0,0,0,0,0,0,0,0,0
606,1,0,0,0,0,0,0,0,0,0,0,0,0,0,0,0,0,0,3,0
607,0,0,0,0,0,0,0,0,0,0,3,0,0,0,0,0,0,0,4,0
608,0,0,3,0,0,0,0,0,0,0,9,0,3,0,0,0,0,0,2,0
609,0,0,1,0,0,0,0,0,0,0,4,0,1,0,0,0,0,0,1,0
610,9,3,3,0,0,0,0,0,0,0,2,0,3,0,0,0,0,0,0,0
611,7,1,1,0,0,0,0,3,0,0,1,0,1,0,0,0,0,0,0,0
612,6,0,0,0,0,0,0,4,0,0,0,0,0,0,0,0,0,0,0,0
613,6,0,3,0,0,0,0,5,0,0,0,0,0,0,0,0,0,0,0,0
614,3,0,18,0,0,0,0,2,0,0,0,0,3,0,0,0,0,0,0,0
615,1,0,49,0,0,0,0,1,0,0,0,0,4,0,0,0,0,0,0,0
616,3,0,27,0,0,0,0,0,0,0,3,0,2,0,0,0,0,0,0,0
617,4,0,16,0,0,0,0,0,0,0,1,0,1,0,0,0,0,0,0,0
618,5,0,11,0,0,0,0,9,0,0,0,0,3,0,0,0,0,0,0,0
619,5,0,5,0,0,0,0,7,0,0,0,0,1,0,0,0,0,0,0,0
620,11,0,2,0,0,0,0,3,0,0,0,0,0,0,0,0,3,0,0,0
621,5,0,1,0,0,0,0,1,0,0,0,0,0,0,0,0,1,0,0,0
622,2,0,3,0,0,0,0,0,0,0,0,0,3,0,0,0,0,0,0,0
623,4,0,4,0,0,0,0,0,0,0,3,0,4,0,0,0,0,0,0,0
624,10,0,5,0,0,0,0,3,0,0,9,0,2,0,0,0,0,0,0,0
625,16,0,5,0,0,0,0,4,0,0,15,0,1,0,0,0,0,0,3,0
626,11,0,2,0,0,0,0,15,0,0,7,0,0,0,0,0,3,0,1,0
627,5,0,1,0,0,0,0,7,0,0,3,0,0,0,0,0,1,0,0,0
628,5,0,0,0,0,0,0,6,0,0,4,0,0,0,0,0,0,0,0,0
629,5,0,0,0,0,0,0,3,0,0,10,0,0,0,0,0,0,0,0,0
630,5,0,0,0,0,0,0,1,0,0,8,0,0,0,0,0,0,0,0,0
631,5,0,0,0,0,0,0,0,0,0,7,0,0,0,0,0,0,0,0,0
632,2,0,3,0,0,0,0,0,0,0,13,0,0,0,0,0,0,0,0,0
633,1,0,4,0,0,0,0,0,0,0,19,0,0,0,0,0,0,0,0,0
634,3,0,5,0,0,0,0,0,0,0,25,0,0,0,0,0,0,0,0,0
635,4,0,5,0,0,0,0,0,0,0,31,0,0,0,0,0,0,0,0,0
636,2,0,11,0,0,0,0,0,0,0,15,0,3,0,0,0,0,0,0,0
637,1,0,17,0,0,0,0,0,0,0,7,0,4,0,0,0,0,0,0,0
638,0,0,23,0,0,0,0,0,0,0,3,0,10,0,0,0,0,0,0,0
639,6,0,11,0,0,0,0,0,0,0,1,0,5,0,0,0,0,0,0,0
640,12,0,5,0,0,0,0,0,0,0,0,0,2,0,0,0,0,0,0,0
641,18,0,5,0,0,0,0,0,0,0,0,0,1,0,0,0,0,0,0,0
642,36,0,5,0,0,0,0,0,0,0,0,0,0,0,0,0,0,0,0,0
643,18,0,2,0,0,0,0,0,0,0,3,0,0,0,0,0,0,0,0,0
644,24,0,4,0,0,0,6,0,0,0,1,0,0,0,0,0,0,0,0,0
645,12,0,2,0,0,0,3,0,0,0,0,0,0,0,0,0,0,0,0,3
646,6,0,1,0,0,0,1,0,0,0,0,0,0,0,0,0,0,0,0,4
647,6,0,0,0,0,0,0,0,0,0,0,0,0,0,0,0,0,0,0,2
648,12,0,0,6,0,0,0,0,0,0,0,0,0,0,0,0,0,0,0,1
649,9,3,0,3,0,0,0,0,0,0,0,0,0,0,0,0,0,0,0,0
650,7,4,0,1,0,0,0,0,0,0,0,0,0,0,0,0,0,0,0,0
651,3,5,3,0,0,0,0,0,0,0,0,0,0,3,0,0,0,0,0,0
652,1,5,4,0,0,0,0,0,0,0,0,0,0,4,0,0,0,0,0,0
653,0,2,5,0,0,0,0,0,3,0,0,0,0,2,0,0,0,0,0,0
654,0,1,2,0,0,0,0,0,1,0,0,0,0,1,0,0,0,0,0,0
655,0,0,1,0,0,0,0,0,0,0,0,0,0,0,0,0,0,0,0,0
656,0,6,0,0,0,0,0,0,0,0,0,0,0,0,0,0,0,0,0,3
657,6,3,0,0,0,0,0,0,0,0,0,0,0,0,0,0,6,0,0,1
658,3,1,0,0,0,0,0,0,0,0,0,0,0,0,0,0,3,0,0,0
659,1,0,0,0,0,0,0,0,0,0,0,0,0,0,0,0,1,3,3,0
660,0,0,0,0,0,0,0,0,0,0,0,0,0,0,0,0,0,4,4,0
661,0,0,0,0,0,0,0,0,0,0,0,0,0,0,0,0,0,2,2,0
662,0,0,0,0,0,0,0,3,0,0,0,0,0,0,0,0,0,1,1,0
663,0,0,0,0,0,0,0,1,0,0,0,0,0,0,0,0,0,0,0,3
664,0,3,0,0,0,0,0,0,0,0,0,0,0,0,0,0,0,0,6,1
665,0,1,0,0,0,0,0,0,0,0,0,0,0,0,0,0,0,0,3,0
666,0,0,0,0,0,0,0,3,0,0,0,0,0,0,0,0,9,0,1,0
667,0,0,0,0,0,0,0,1,0,0,0,0,0,0,0,0,4,0,0,0
668,3,0,0,0,0,0,0,0,0,0,0,0,0,0,0,0,2,0,3,0
669,1,0,0,0,0,0,0,0,0,0,0,0,3,0,0,0,1,0,1,0
670,0,0,0,0,0,0,0,0,0,0,0,0,1,0,0,0,0,0,0,0
671,0,0,0,0,0,0,0,0,0,0,0,0,0,0,0,0,0,0,0,0
672,0,0,0,0,0,0,3,3,0,0,0,0,0,3,0,0,0,0,0,0
673,0,0,0,0,0,0,1,4,0,0,0,0,0,4,0,0,0,0,0,0
674,0,0,0,0,0,0,0,2,0,0,0,0,0,5,0,0,6,0,0,0
675,0,0,0,0,0,0,0,4,0,0,0,0,0,2,0,0,12,0,0,0
676,0,0,0,0,0,0,0,5,0,0,0,0,0,1,0,0,9,0,0,0
677,0,0,0,0,0,0,0,5,0,0,0,0,0,0,0,0,4,0,0,0
678,0,0,0,0,0,0,0,5,0,0,0,0,0,0,0,0,2,0,0,0
679,0,0,0,0,0,0,0,5,0,0,0,0,0,0,0,0,1,0,0,0
680,0,0,0,0,0,0,3,5,0,0,0,0,0,0,0,0,3,0,0,0
681,0,0,0,3,0,0,4,5,0,0,0,0,0,0,0,0,4,0,0,0
682,0,0,0,1,0,0,2,5,0,0,0,0,0,0,0,0,16,0,0,0
683,0,0,0,0,0,0,1,5,0,0,0,0,0,0,0,0,33,0,0,0
684,12,0,0,3,0,0,7,2,0,0,0,0,0,0,0,0,16,0,0,0
685,6,0,0,1,0,0,3,1,0,0,0,0,0,3,0,0,8,0,0,0
686,3,0,0,0,0,0,1,0,0,0,0,0,3,4,0,0,4,0,0,0
687,1,0,0,0,0,0,0,3,0,0,0,0,1,2,0,0,10,0,0,0
688,0,0,3,0,0,0,0,4,0,0,0,0,0,1,0,0,5,0,0,0
689,0,0,4,0,0,0,0,5,0,0,0,0,0,0,0,0,2,0,0,0
690,6,0,2,0,0,0,12,2,0,0,0,0,0,0,0,0,1,0,0,0
691,6,0,1,0,0,0,18,8,0,0,0,0,0,0,0,0,0,0,0,0
692,3,0,0,0,0,0,12,14,0,0,0,0,0,0,0,0,0,0,0,0
693,4,0,0,0,0,0,9,7,0,0,0,0,0,0,0,0,0,0,0,0
694,10,0,0,0,0,0,15,6,0,0,0,0,0,0,0,0,0,0,0,0
695,5,0,0,0,0,0,7,3,0,0,0,0,0,3,0,0,0,0,0,0
696,2,0,0,0,0,0,6,1,0,0,0,0,0,1,0,0,3,0,0,0
697,4,0,0,0,0,0,6,0,0,0,0,0,0,0,0,0,1,0,0,0
698,10,0,0,0,0,0,3,0,0,0,0,0,0,0,0,0,3,0,0,0
699,8,0,0,0,0,0,4,0,0,0,0,0,0,0,0,0,1,0,0,0
700,4,0,0,0,0,0,2,0,0,0,0,0,0,0,0,0,3,0,0,0
701,2,0,3,0,0,0,1,3,9,0,0,0,0,0,0,0,1,0,0,0
702,4,0,4,0,0,0,0,4,22,0,0,0,0,0,0,0,0,0,0,0
703,5,0,2,0,0,0,0,2,28,0,0,0,0,0,0,0,0,0,0,0
704,5,0,1,0,0,0,3,1,17,0,0,0,0,0,0,0,0,0,0,0
705,5,3,0,0,0,0,1,3,8,0,0,0,0,0,0,0,0,0,0,0
706,5,4,0,0,0,0,0,4,4,0,0,0,0,0,0,0,0,0,0,0
707,11,5,0,0,0,0,0,5,2,0,3,0,0,0,0,0,0,0,0,0
708,17,5,0,0,0,0,0,5,1,0,4,0,0,0,0,0,0,0,0,0
709,11,2,0,0,0,0,0,5,0,0,5,0,0,0,0,0,0,0,0,0
710,5,8,0,0,0,0,0,2,0,0,2,0,0,0,0,0,0,0,0,0
711,2,14,0,0,0,0,0,1,0,0,1,0,0,0,0,0,0,0,0,0
712,8,7,0,0,0,0,3,0,0,0,0,0,0,0,0,0,0,0,0,0
713,4,3,0,0,0,0,1,0,0,0,0,0,0,0,0,0,0,0,0,0
714,5,1,0,0,0,0,3,3,0,0,0,0,0,0,0,0,0,0,0,0
715,5,0,0,0,0,0,1,1,0,0,0,3,0,0,0,0,0,0,0,0
716,2,0,0,0,0,0,0,0,0,0,0,4,0,0,0,0,0,0,0,0
717,1,0,0,0,0,0,0,0,0,0,0,5,0,0,0,0,0,0,0,0
718,11,0,0,0,0,0,0,0,0,0,0,2,0,0,0,0,3,0,0,0
719,5,3,0,0,0,0,0,0,3,0,0,1,0,0,0,0,1,6,0,0
720,2,1,0,0,0,0,0,0,1,0,0,3,0,0,0,0,0,12,0,0
721,1,0,0,0,0,0,0,0,0,0,0,4,0,0,0,0,0,18,0,0
722,11,0,9,0,0,0,0,0,0,0,0,2,3,0,0,0,0,9,0,0
723,5,0,4,0,0,0,0,0,0,0,0,1,1,0,0,0,0,4,0,0
724,2,0,2,0,0,0,3,0,0,0,0,0,0,0,0,0,0,2,0,0
725,1,0,4,0,0,3,1,0,0,0,0,0,3,0,0,0,0,1,0,0
726,0,0,5,0,0,4,0,0,0,0,0,0,4,0,0,0,0,0,0,0
727,0,3,2,0,0,2,0,0,0,0,0,0,5,0,0,0,0,0,0,0
728,0,1,1,0,0,1,0,0,0,0,0,0,5,0,0,0,3,0,0,0
729,0,0,0,0,0,0,0,0,0,0,0,0,2,0,0,0,9,0,0,0
730,0,0,0,0,0,0,0,0,0,0,0,0,1,0,0,0,4,0,0,0
731,0,0,3,0,0,0,0,0,0,0,0,0,3,0,0,0,2,0,0,0
732,0,0,1,0,0,0,0,3,0,0,0,0,1,0,0,0,1,0,0,0
733,3,0,3,3,0,0,0,1,0,0,0,0,0,0,0,0,0,0,0,0
734,4,0,4,1,0,0,0,0,0,0,0,0,0,0,0,0,0,0,0,0
735,10,0,2,0,0,0,0,0,0,0,0,0,0,0,0,0,0,0,0,0
736,49,0,4,0,0,0,0,0,0,0,0,0,3,0,0,0,0,0,0,0
737,138,0,5,0,0,0,0,0,0,0,0,0,4,0,0,0,0,0,0,0
738,144,0,5,0,0,0,0,0,0,0,0,0,5,0,0,0,0,0,0,0
739,150,0,2,0,0,0,0,0,0,0,0,0,5,0,0,0,0,0,0,0
740,235,0,4,0,0,0,0,0,0,0,0,0,5,0,0,0,0,0,0,0
741,241,0,5,0,0,0,0,0,0,0,0,0,5,0,0,0,0,0,0,0
742,120,0,2,0,0,0,0,0,0,0,0,0,5,0,0,0,0,0,0,0
743,126,0,4,0,0,0,0,0,0,0,0,0,2,0,0,0,0,0,0,0
744,132,0,15,0,0,0,0,0,0,0,0,0,8,0,0,0,0,0,0,0
745,66,0,7,0,0,0,0,0,0,0,0,0,4,0,0,0,3,3,0,0
746,36,0,3,0,0,0,0,0,0,0,0,0,2,0,0,0,1,1,0,0
747,21,0,1,0,0,0,0,0,3,0,0,0,1,0,0,0,0,0,0,0
748,13,0,0,0,0,0,0,0,4,0,0,0,0,0,0,0,0,0,0,0
749,19,0,0,0,0,0,0,0,2,0,0,0,0,0,0,0,0,0,0,0
750,9,0,0,0,0,0,0,0,1,6,0,0,0,0,0,0,0,6,0,0
751,4,0,3,0,0,0,0,0,0,6,0,0,3,0,0,0,0,6,0,0
752,16,0,1,0,0,0,0,0,0,3,0,0,1,0,0,0,0,3,0,0
753,22,0,0,0,0,0,0,0,0,1,0,0,0,0,0,0,0,1,0,0
754,11,0,0,0,0,0,0,0,0,0,0,0,0,0,0,0,0,0,0,0
755,5,0,0,0,0,0,0,3,0,0,0,0,0,0,0,0,0,0,0,0
756,2,0,0,0,0,0,0,4,0,0,0,0,0,0,0,0,0,0,0,0
757,1,0,0,0,0,0,0,2,0,0,0,0,0,0,0,0,0,0,0,0
758,7,0,0,0,0,0,0,1,0,0,0,0,0,0,0,0,0,0,0,0
759,6,0,0,0,0,0,0,0,0,6,0,0,0,3,0,0,0,0,0,0
760,6,0,0,0,0,0,0,0,0,6,0,0,0,1,0,0,0,0,0,0
761,3,0,3,0,0,0,0,0,0,3,0,0,3,0,0,0,0,0,0,0
762,9,0,4,3,0,0,0,0,0,1,0,0,4,0,0,0,0,0,0,0
763,7,3,2,1,0,0,0,0,0,0,0,0,2,0,0,0,0,0,0,0
764,13,1,1,7,0,0,3,0,0,0,0,0,1,0,0,0,0,0,0,0
765,19,0,0,13,0,0,1,0,0,0,0,0,0,0,0,0,0,0,0,0
766,25,0,0,6,0,0,0,0,0,0,0,0,3,3,0,0,0,0,0,0
767,15,0,0,12,0,0,0,3,0,0,0,0,1,1,0,0,0,0,0,0
768,32,0,0,18,0,0,0,1,0,0,0,0,0,0,0,0,0,0,0,0
769,16,0,3,9,0,0,0,0,3,0,0,0,3,0,0,0,0,0,0,0
770,8,0,9,4,0,0,0,0,1,0,0,0,9,0,0,0,0,3,0,0
771,7,0,4,10,0,0,0,0,0,0,0,0,4,0,0,0,0,1,0,0
772,6,0,5,8,0,0,0,3,3,0,0,3,5,0,0,0,0,0,0,0
773,6,0,5,7,0,0,0,4,4,0,0,4,2,0,0,0,0,0,0,0
774,6,0,2,3,0,0,3,2,2,0,0,2,1,0,0,0,0,0,0,0
775,6,0,1,1,0,0,4,1,1,0,0,1,0,0,0,0,0,0,0,0
776,6,0,0,0,0,0,5,0,0,0,0,0,0,0,0,0,0,0,0,0
777,3,0,3,0,0,0,2,0,3,0,0,0,0,0,0,0,0,0,0,0
778,1,0,1,0,0,0,1,0,4,0,0,0,0,0,0,0,0,0,0,0
779,0,0,0,0,0,0,0,0,5,0,0,0,0,0,0,0,0,0,0,0
780,13,0,0,0,0,0,0,0,2,0,0,0,0,0,0,0,0,0,0,0
781,6,0,0,0,0,0,0,0,1,0,0,0,0,0,0,0,0,0,0,0
782,6,0,0,0,0,0,0,3,0,0,0,0,0,0,0,0,3,0,0,0
783,3,0,0,0,0,0,0,4,0,0,0,0,0,0,0,0,4,0,0,0
784,1,0,0,0,0,0,0,5,0,0,0,0,0,0,0,0,5,0,3,0
785,0,0,0,0,0,0,0,5,0,0,0,0,0,0,0,0,2,0,4,0
786,0,0,0,0,0,0,0,2,0,0,0,0,0,0,0,0,4,0,2,0
787,0,0,0,0,0,0,0,1,0,0,0,0,0,0,0,0,5,0,1,0
788,0,0,0,0,0,0,0,0,0,0,0,0,0,0,0,0,5,0,0,0
789,0,0,0,0,0,0,0,0,0,0,0,0,0,0,0,0,2,0,3,0
790,3,3,0,3,0,0,0,3,0,0,0,0,0,0,0,0,1,0,1,0
791,4,1,3,1,0,0,0,4,0,0,0,0,0,0,0,0,0,0,0,0
792,5,0,4,0,0,0,0,5,0,0,0,0,0,0,0,0,0,0,0,0
793,5,3,2,0,0,0,0,2,0,0,0,0,0,0,0,0,0,0,0,0
794,5,1,1,0,0,0,0,1,0,0,0,0,0,0,0,0,3,0,0,0
795,5,0,0,0,0,0,0,0,0,0,0,0,0,0,0,0,9,0,0,0
796,5,0,0,0,0,0,0,3,0,0,0,0,0,0,0,0,7,0,0,0
797,5,3,0,0,0,0,0,4,0,0,0,0,0,0,0,0,6,0,0,0
798,2,1,0,3,0,0,0,2,0,0,0,0,0,3,0,0,12,0,0,3
799,8,3,0,1,0,0,6,1,0,0,0,0,0,4,0,0,6,0,0,1
800,7,1,0,0,0,0,6,0,0,0,0,0,0,2,0,0,3,0,0,0
801,3,0,0,0,0,0,3,0,0,0,0,0,0,1,0,0,13,0,0,0
802,1,0,0,0,0,0,1,0,0,0,0,0,0,0,0,0,29,0,0,0
803,0,0,0,0,0,0,0,0,0,0,0,0,0,0,0,0,53,0,0,0
804,0,0,0,0,0,0,0,0,0,0,0,0,0,0,0,0,59,0,0,0
805,0,0,0,0,0,0,0,0,0,0,0,0,0,0,0,0,29,0,0,0
806,3,0,0,0,0,0,0,0,0,0,0,0,0,0,0,0,17,0,0,0
807,9,0,0,0,0,0,0,0,0,0,0,0,0,0,0,0,8,0,0,0
808,15,0,3,0,0,0,0,0,0,0,0,0,0,0,0,0,4,0,0,0
809,10,0,1,0,0,0,0,0,0,0,0,0,0,0,0,0,2,0,0,0
810,5,0,0,0,0,0,0,6,0,0,0,3,0,0,0,0,1,0,0,0
811,11,0,0,0,0,0,0,3,0,0,0,1,0,0,0,0,0,0,0,0
812,8,0,0,0,0,0,0,1,0,0,0,0,0,0,0,0,0,0,0,0
813,4,0,0,3,0,0,0,0,0,0,0,0,0,0,0,0,3,0,0,0
814,2,0,3,1,0,0,0,0,0,0,0,3,3,0,0,0,9,0,0,0
815,1,0,4,3,0,0,0,0,0,0,0,4,4,0,0,0,7,0,0,0
816,0,0,5,4,0,0,0,0,0,0,0,5,5,0,0,0,6,0,0,0
817,0,0,2,2,0,0,0,0,0,0,0,2,2,0,0,0,6,0,0,0
818,0,0,1,1,0,0,0,0,0,0,0,1,1,0,0,0,6,0,0,0
819,0,0,3,0,0,0,3,0,0,0,0,0,0,0,0,0,6,0,0,0
820,0,0,4,0,0,0,4,0,0,0,0,0,0,0,0,0,6,0,0,0
821,6,0,2,0,0,0,10,0,0,0,0,0,0,0,0,0,3,0,0,0
822,3,0,1,3,0,0,5,0,0,0,0,0,0,0,0,0,1,0,0,0
823,1,0,0,4,0,0,2,0,0,0,0,0,0,0,0,0,0,0,0,0
824,0,0,0,5,0,0,4,0,0,0,0,0,0,0,0,0,0,0,0,0
825,0,0,0,2,0,0,2,0,0,0,3,0,0,6,0,0,0,0,0,0
826,3,0,0,4,0,0,1,0,0,0,1,0,3,3,0,0,0,0,0,0
827,4,0,3,2,0,0,0,0,0,0,0,0,1,1,0,0,0,0,0,0
828,5,0,4,1,0,0,0,0,0,0,0,0,0,0,0,0,0,0,0,0
829,5,0,10,0,0,0,0,0,0,0,0,0,0,0,0,0,0,0,0,0
830,2,0,24,0,0,0,0,0,0,0,0,0,0,0,0,0,0,0,0,0
831,4,0,30,0,0,0,0,0,0,0,0,0,0,0,0,0,0,0,0,0
832,5,0,36,0,0,0,0,0,0,0,0,0,0,0,0,0,0,0,0,0
833,5,0,21,0,0,0,0,0,0,0,0,0,0,0,0,0,0,0,0,0
834,2,0,10,0,0,0,0,0,0,0,0,0,0,0,0,0,0,0,0,0
835,8,0,5,0,0,0,0,0,0,0,0,0,3,0,0,0,3,0,0,0
836,14,0,5,0,0,0,0,0,0,3,0,0,1,0,0,0,1,0,0,0
837,7,0,2,0,0,0,0,0,0,1,0,0,0,0,0,0,11,0,0,0
838,3,0,1,0,0,0,0,0,0,0,0,0,0,0,0,0,25,0,0,0
839,4,0,0,0,0,0,0,3,3,0,0,0,0,0,0,0,12,0,0,0
840,10,0,0,0,0,0,0,1,4,0,0,0,0,0,0,0,6,0,0,0
841,16,0,0,3,0,0,0,0,2,0,0,0,0,0,0,0,3,0,0,0
842,22,0,0,4,0,0,0,0,1,0,0,0,0,0,0,0,1,0,0,0
843,11,6,0,2,0,0,0,0,0,0,0,0,0,0,0,0,3,0,0,0
844,5,12,0,1,0,0,0,0,0,0,0,0,0,0,0,0,1,0,0,0
845,2,6,0,0,0,0,0,0,0,0,0,0,0,0,0,0,0,0,0,0
846,1,3,0,0,0,0,0,0,0,0,0,0,0,0,0,0,0,0,0,0
847,0,1,0,0,0,0,0,0,0,0,0,0,0,0,0,0,0,0,0,0
848,0,0,0,0,0,0,0,0,0,0,0,0,0,0,0,0,0,0,0,0
849,0,0,3,0,0,0,0,0,0,0,0,0,0,0,0,0,0,0,0,0
850,3,0,4,3,0,0,0,0,0,0,0,0,0,0,0,0,0,0,0,0
851,4,0,5,4,0,0,0,0,0,0,0,0,0,0,0,0,0,0,0,0
852,2,0,2,2,0,0,0,0,0,0,0,0,0,0,0,0,0,0,0,0
853,1,0,1,1,0,0,0,0,0,0,0,0,3,0,0,0,0,0,0,0
854,3,0,3,0,0,0,3,0,0,0,0,0,1,0,0,0,0,0,0,0
855,1,0,4,0,0,0,1,0,0,0,0,0,0,0,0,0,3,0,0,0
856,0,0,2,0,0,0,0,0,0,0,0,0,0,0,0,0,13,0,0,0
857,0,0,1,0,0,0,0,0,0,0,3,3,3,0,0,0,6,0,0,0
858,0,0,0,0,0,0,0,0,0,0,4,1,1,0,0,0,3,0,0,0
859,0,0,0,0,0,0,0,0,0,0,2,0,0,0,0,0,1,0,3,0
860,0,0,3,0,0,0,0,0,0,0,1,0,0,0,0,0,0,0,1,0
861,0,0,1,0,0,0,0,0,0,0,0,0,0,0,0,0,0,0,0,0
862,0,0,0,0,0,0,0,0,0,0,0,0,0,0,0,0,0,0,0,0
863,0,0,0,0,0,0,0,0,0,0,0,0,0,0,0,0,0,0,0,0
864,0,0,0,0,0,0,0,0,0,0,0,0,0,0,0,0,0,0,0,0
865,0,0,0,0,0,0,0,0,0,0,0,0,0,0,0,0,0,3,0,3
866,0,0,0,0,0,0,0,0,0,0,0,0,0,0,0,0,0,4,0,1
867,0,0,0,0,0,0,0,0,0,0,0,0,0,0,0,0,0,2,0,0
868,0,0,0,0,0,0,0,0,0,0,0,0,0,0,12,0,15,1,0,0
869,0,0,0,0,0,0,0,0,0,0,0,0,0,0,45,0,52,0,0,0
870,0,0,0,0,0,0,0,0,0,0,0,3,3,0,76,0,87,0,0,0
871,0,0,3,0,0,0,0,0,0,0,0,4,4,0,82,0,46,0,0,0
872,0,0,4,0,0,0,0,0,0,0,0,5,5,0,88,0,26,0,0,0
873,0,0,5,0,0,0,0,0,0,0,0,2,2,0,94,0,13,0,0,0
874,0,0,5,0,0,0,0,0,0,0,0,1,1,0,50,0,6,0,0,0
875,0,0,2,0,0,0,0,0,0,0,0,0,0,0,25,0,3,0,6,0
876,3,0,1,0,0,0,0,3,0,0,0,0,0,0,12,0,1,0,3,0
877,1,0,0,0,0,0,0,9,0,0,0,0,0,0,6,0,0,0,1,0
878,0,0,0,0,0,0,0,15,0,0,0,0,0,0,3,0,0,0,0,0
879,0,0,0,0,0,0,0,21,0,0,0,0,0,0,1,0,0,0,0,0
880,0,0,0,0,0,0,0,27,0,0,0,0,0,0,0,0,0,0,0,0
881,0,3,0,0,0,0,0,16,0,0,0,0,0,0,0,0,0,0,0,0
882,0,4,0,3,0,0,0,11,0,0,0,0,0,0,0,0,3,0,0,0
883,3,2,0,1,0,0,0,5,0,0,0,0,0,0,0,0,1,0,6,0
884,1,1,0,0,0,0,0,2,0,0,0,0,0,0,0,0,0,0,3,0
885,3,3,0,13,0,0,0,1,0,0,0,3,0,3,0,0,0,0,1,0
886,9,4,0,39,0,0,0,0,0,0,0,4,0,4,0,0,0,0,0,0
887,4,5,0,19,0,0,0,0,0,0,0,2,0,2,0,0,0,0,0,0
888,5,2,0,9,0,0,0,0,0,0,0,1,0,1,0,0,0,0,6,0
889,5,1,0,4,0,0,0,0,0,0,0,0,0,0,0,0,0,0,6,0
890,5,0,0,2,0,0,0,0,0,0,0,0,0,0,0,0,3,0,12,0
891,5,0,0,1,0,0,0,0,0,0,0,0,0,0,0,0,4,0,18,0
892,5,0,0,0,0,0,0,0,0,0,0,0,0,0,0,0,5,0,24,0
893,17,0,0,0,0,0,0,3,0,0,0,0,0,0,0,0,5,0,12,0
894,11,0,3,0,0,0,0,1,0,0,0,0,0,0,0,0,2,0,6,0
895,8,0,4,0,0,0,0,0,0,0,0,0,0,0,0,0,1,0,3,0
896,22,0,2,0,0,0,0,0,0,0,0,0,0,0,0,0,7,0,1,0
897,14,0,1,0,0,0,0,0,0,0,0,0,3,0,3,0,3,0,0,0
898,10,0,0,0,0,0,0,0,0,0,0,0,1,0,1,0,1,0,0,0
899,8,0,3,0,0,0,0,0,0,0,0,0,0,3,0,0,0,0,0,0
900,14,0,4,0,0,0,0,0,0,0,0,0,3,1,0,0,0,0,0,0
901,10,0,5,0,0,0,0,0,0,0,0,0,9,0,0,0,3,0,0,0
902,5,0,2,0,0,0,0,0,0,0,0,0,4,0,0,0,1,0,0,0
903,2,0,1,0,0,0,0,0,0,0,0,0,2,0,0,0,0,6,0,0
904,4,0,0,0,0,0,3,0,0,0,0,3,1,0,0,0,0,6,0,0
905,5,0,0,0,0,0,4,0,0,0,0,4,0,0,0,0,0,6,0,0
906,11,0,0,0,0,0,10,0,0,0,0,2,0,0,0,0,0,3,0,0
907,8,6,0,3,0,0,5,0,0,0,0,1,0,6,0,0,0,1,0,0
908,14,12,0,9,0,0,2,0,0,0,0,0,0,6,0,0,0,0,0,0
909,10,18,0,7,0,0,1,0,0,0,0,0,0,6,0,0,0,0,0,0
910,8,24,0,6,0,0,0,0,0,0,0,0,0,6,0,0,0,0,0,0
911,4,12,0,6,0,0,0,0,0,0,0,0,0,3,0,0,3,0,0,0
912,2,6,3,3,0,0,0,0,0,0,0,3,0,1,0,0,1,0,3,0
913,1,3,4,1,0,0,0,0,0,0,0,4,0,0,0,0,0,0,4,0
914,0,1,2,0,0,0,0,0,0,0,0,5,0,0,0,0,0,0,5,0
915,0,0,1,0,0,0,0,0,0,0,0,2,3,6,0,0,0,3,2,0
916,0,0,0,0,0,0,0,0,0,0,0,1,4,12,0,0,0,4,1,0
917,3,6,0,0,0,0,0,0,0,0,0,0,2,6,0,0,0,2,0,0
918,1,3,0,0,0,0,0,0,0,0,0,3,1,3,0,0,0,1,0,0
919,3,1,3,0,0,0,0,0,0,0,0,1,0,1,0,0,0,0,0,0
920,1,0,4,0,0,0,0,0,0,0,0,0,0,7,0,0,0,0,0,0
921,0,3,15,3,0,0,0,0,0,0,0,0,0,13,0,0,0,0,0,0
922,3,4,21,4,0,0,0,0,0,0,0,0,3,6,0,0,0,0,0,0
923,1,2,10,2,0,0,0,0,0,0,0,0,1,19,0,0,3,0,0,0
924,0,4,8,1,0,0,0,3,0,0,0,0,0,9,0,0,1,0,0,0
925,0,5,7,0,0,0,0,4,0,0,0,0,0,4,0,0,0,0,0,0
926,0,2,3,0,0,0,0,5,0,0,0,0,3,2,0,0,0,0,0,0
927,3,1,1,3,0,0,0,2,0,0,0,0,1,1,0,0,0,0,0,0
928,1,0,0,1,0,0,0,1,0,0,0,0,0,0,0,0,0,0,0,0
929,3,3,3,0,0,0,0,0,0,0,0,0,0,0,0,0,0,0,0,0
930,4,4,4,6,0,0,0,0,0,0,0,0,0,0,0,0,0,0,0,0
931,5,5,2,12,0,0,0,0,0,0,0,0,0,0,0,0,0,0,0,0
932,2,2,1,9,0,0,0,3,0,0,0,0,0,0,0,0,3,0,0,0
933,4,1,0,15,0,0,0,4,0,0,0,0,0,0,0,0,4,0,0,0
934,5,0,0,10,0,0,0,2,0,0,0,0,3,0,0,0,2,0,0,0
935,5,0,0,5,0,0,0,1,0,0,0,0,1,0,0,0,1,0,0,0
936,5,0,0,2,0,0,0,0,0,0,0,0,0,0,0,0,0,0,0,0
937,5,0,0,1,0,0,0,0,0,0,0,0,0,0,0,0,0,0,0,0
938,5,0,0,0,0,0,0,0,0,0,0,0,0,0,0,0,0,0,0,0
939,5,0,0,0,0,0,0,3,0,0,3,0,0,0,0,0,0,0,0,0
940,5,0,0,0,0,0,0,4,0,0,4,0,0,0,0,0,0,0,0,0
941,5,0,0,0,0,0,0,5,0,0,5,0,0,0,0,0,0,0,0,0
942,2,0,0,0,0,0,0,5,0,0,5,0,0,0,0,0,0,0,0,0
943,4,0,0,3,0,0,0,2,0,0,2,0,0,0,0,0,0,3,0,0
944,10,0,0,9,0,0,0,1,0,0,1,0,0,0,0,0,0,1,0,0
945,5,0,6,4,0,0,0,0,0,0,0,0,0,0,0,0,0,0,0,0
946,5,0,3,5,0,0,0,0,0,0,0,0,0,0,0,0,0,0,0,0
947,5,0,1,5,0,0,0,0,0,0,0,3,0,3,0,0,0,0,0,0
948,2,0,0,5,0,0,0,0,0,0,0,1,0,1,0,0,0,0,0,0
949,4,0,0,5,0,0,0,0,0,0,0,0,0,0,0,0,0,0,0,0
950,5,0,0,5,0,0,0,0,0,0,0,0,3,0,0,0,0,0,0,0
951,2,0,0,2,0,0,0,0,0,0,0,0,1,3,0,0,0,0,0,0
952,1,0,0,1,0,0,0,0,0,0,3,0,0,1,0,0,0,0,0,0
953,3,0,0,0,0,0,0,0,0,0,4,0,0,0,0,0,3,0,0,0
954,1,0,0,0,0,0,0,0,0,0,5,0,0,0,0,0,4,0,0,0
955,0,0,0,0,0,0,0,0,0,0,2,0,0,0,0,0,2,0,0,0
956,0,0,0,0,0,0,0,0,0,0,1,0,0,0,0,0,1,0,0,0
957,0,0,0,0,0,0,0,0,0,0,0,3,0,0,0,0,0,0,0,0
958,0,0,3,0,0,0,0,0,0,0,0,9,0,0,0,6,0,0,0,0
959,0,0,4,0,0,0,0,0,0,0,0,15,0,0,0,12,0,0,0,0
960,0,0,5,0,0,0,0,0,0,0,0,7,0,0,0,27,0,0,0,0
961,0,3,5,0,0,0,0,0,0,0,0,3,0,3,0,49,0,0,0,0
962,0,4,2,0,0,0,0,0,0,3,0,1,0,4,0,83,0,0,0,0
963,0,5,1,0,0,0,0,0,0,4,0,0,0,5,0,89,0,0,0,0
964,0,5,0,0,0,0,0,0,0,5,0,0,0,5,0,47,0,0,0,0
965,3,5,0,3,0,0,0,0,0,5,0,0,0,5,0,23,0,0,0,0
966,9,5,3,1,0,0,0,0,0,2,3,0,0,2,0,11,3,0,0,0
967,4,5,9,0,0,0,0,0,0,1,1,0,3,1,0,5,1,0,0,0
968,5,5,7,3,0,0,0,3,0,0,0,0,4,0,0,2,0,0,0,0
969,5,5,6,4,0,0,0,4,0,0,0,0,2,0,0,1,0,0,0,0
970,5,5,6,5,0,0,0,5,0,0,0,0,1,0,0,0,0,0,0,0
971,5,2,6,11,0,0,0,5,0,0,3,0,0,0,0,0,0,0,0,0
972,5,1,3,8,0,0,0,2,0,0,4,0,0,0,0,0,0,0,0,0
973,5,0,1,4,0,0,0,1,0,0,2,0,0,0,0,0,0,0,0,0
974,11,0,0,5,0,0,0,0,0,0,1,0,0,0,0,0,0,0,0,0
975,17,0,0,5,0,0,0,3,0,0,0,0,0,0,0,0,0,0,0,0
976,11,0,0,2,0,0,0,4,0,0,0,0,0,0,0,0,0,0,0,0
977,17,0,0,1,0,0,0,5,0,0,0,0,0,0,0,0,0,0,0,0
978,23,0,0,0,0,0,0,2,0,0,0,0,0,0,0,0,0,0,0,0
979,29,0,0,3,0,0,0,1,0,0,0,3,0,0,0,0,0,0,0,0
980,17,0,0,4,0,0,0,0,0,0,0,22,0,0,0,0,0,0,0,0
981,8,0,0,2,0,0,0,0,0,0,0,28,0,0,0,0,0,0,0,0
982,4,0,0,4,0,0,0,0,0,0,0,51,0,0,0,0,0,0,0,0
983,10,3,0,10,0,0,0,0,0,0,0,25,0,3,0,0,0,0,0,0
984,5,1,3,5,0,0,0,6,0,0,0,15,0,1,0,0,0,0,0,0
985,2,0,4,2,0,0,0,12,0,0,0,10,0,0,0,0,0,0,0,0
986,4,0,5,4,0,0,0,6,0,0,0,5,0,0,0,0,0,0,0,0
987,5,0,5,10,0,0,0,3,0,0,0,2,3,0,0,3,0,0,0,0
988,5,0,2,8,0,0,0,1,0,0,0,1,4,0,0,1,0,0,0,0
989,2,0,1,4,0,0,0,3,0,0,0,0,2,0,0,0,0,0,0,0
990,1,0,0,2,0,0,0,4,0,0,0,0,1,0,0,0,0,0,0,0
991,3,0,0,1,0,0,0,2,0,0,0,0,0,0,0,0,0,0,0,0
992,1,0,0,0,0,0,0,1,0,0,0,0,0,0,0,0,0,0,0,0
993,3,0,0,0,0,0,0,0,0,0,0,0,0,0,0,0,0,0,0,0
994,1,0,0,0,0,0,0,0,0,0,0,9,0,0,0,0,0,0,0,0
995,0,3,0,0,0,0,0,0,0,0,0,7,0,0,0,0,0,0,0,0
996,0,9,0,0,0,0,0,0,0,0,0,3,0,3,0,0,0,0,0,0
997,0,15,0,0,0,0,0,0,0,0,0,1,0,4,0,0,0,0,0,0
998,0,21,0,0,0,0,0,0,0,0,0,0,0,5,0,0,0,0,0,0
999,0,27,3,0,0,0,0,0,0,0,0,6,0,5,0,0,0,0,0,0
1000,0,33,4,0,0,0,0,0,0,0,0,12,0,2,0,0,0,0,0,0
1001,0,39,5,0,0,0,0,0,0,0,0,18,0,1,0,0,0,0,0,0
1002,0,22,5,0,0,0,0,0,0,0,0,24,0,0,0,0,0,0,0,0
1003,0,11,5,0,0,0,0,0,0,3,0,15,3,3,0,0,0,0,0,0
1004,3,5,2,0,0,0,0,0,0,13,0,7,1,4,0,0,0,0,0,0
1005,4,2,1,0,0,0,0,0,0,29,0,3,0,2,0,0,0,0,0,0
1006,5,1,0,0,0,0,0,0,0,17,0,1,0,1,0,0,0,0,0,0
1007,5,0,0,0,0,0,0,0,0,11,0,0,0,0,0,0,0,0,0,0
1008,2,0,0,0,0,0,0,0,0,5,0,0,0,0,0,0,0,0,0,0
1009,1,0,0,0,0,0,0,0,0,2,0,0,0,0,0,0,0,0,0,0
1010,0,0,0,0,0,0,0,0,0,1,3,0,0,0,0,0,0,0,0,0
1011,0,0,0,0,0,0,0,0,0,0,1,0,0,0,0,0,0,0,0,0
1012,0,0,3,0,0,0,0,0,0,0,0,0,0,0,0,0,0,0,0,0
1013,0,0,9,0,0,0,0,0,0,0,0,0,0,0,0,0,0,0,0,0
1014,0,0,7,0,0,0,0,0,0,0,0,0,0,0,0,0,0,0,0,0
1015,0,0,3,3,0,0,0,0,0,0,0,0,0,0,0,0,0,0,0,0
1016,0,0,4,1,0,0,0,0,0,0,0,0,0,0,0,0,0,0,0,0
1017,0,0,5,0,0,0,0,0,0,0,0,0,0,0,0,0,0,0,0,0
1018,0,0,2,0,0,0,0,0,0,0,0,0,0,0,0,0,0,0,0,0
1019,0,0,4,0,0,0,0,0,0,0,0,0,0,0,0,0,0,0,3,0
1020,0,0,5,0,0,0,0,0,0,0,0,0,0,0,0,0,0,0,4,0
1021,0,0,11,0,0,0,0,0,0,0,3,0,0,0,0,0,0,0,5,0
1022,3,0,5,0,0,0,0,0,0,0,4,0,0,6,0,0,0,0,2,0
1023,1,0,2,0,0,0,0,12,0,0,2,3,0,3,0,0,0,0,1,0
1024,0,0,1,0,0,0,0,36,0,0,1,4,0,1,0,0,0,0,0,0
1025,3,0,0,0,0,0,0,84,0,0,0,5,0,0,0,0,0,0,0,0
1026,4,0,0,0,0,0,0,180,0,0,0,5,0,0,0,0,0,0,0,0
1027,5,3,0,6,0,0,0,90,0,0,0,2,0,0,0,0,0,0,3,0
1028,11,4,3,6,0,0,0,45,0,0,0,1,0,0,0,0,0,0,1,0
1029,26,2,4,18,0,0,0,22,0,0,0,0,0,0,0,0,0,0,0,0
1030,16,4,5,24,0,0,0,11,0,0,0,0,0,0,0,0,0,0,0,0
1031,8,5,2,12,0,0,0,5,0,0,0,0,0,0,0,0,0,0,0,0
1032,7,2,1,6,0,0,0,2,0,0,0,0,0,0,0,0,0,0,0,0
1033,13,1,0,3,0,0,0,1,0,0,0,0,0,0,0,0,0,0,0,0
1034,28,3,0,1,0,0,0,0,0,0,0,0,0,3,0,0,3,0,0,0
1035,17,1,0,0,0,0,0,0,0,0,0,6,0,4,0,0,1,0,0,0
1036,8,0,0,0,0,0,0,0,0,0,0,12,0,5,0,0,0,0,0,0
1037,14,3,3,3,0,0,0,0,0,0,0,6,0,2,0,0,0,0,0,0
1038,10,1,1,1,0,0,3,0,0,0,0,3,0,1,0,0,0,0,0,0
1039,8,0,0,0,0,0,4,0,0,0,0,4,0,0,0,0,0,0,0,0
1040,4,0,0,0,0,0,2,3,0,0,0,2,0,0,0,0,0,0,0,0
1041,5,0,0,3,0,0,1,1,0,0,0,1,0,3,0,0,0,0,0,0
1042,5,3,3,9,0,0,0,0,0,0,0,0,0,4,0,0,0,0,0,0
1043,5,4,4,15,0,0,0,0,0,0,0,0,0,5,0,0,0,0,0,0
1044,5,2,2,31,0,0,0,0,0,0,0,0,0,2,0,0,0,0,0,0
1045,11,1,4,113,0,0,0,0,0,0,0,0,0,1,0,0,0,0,0,0
1046,5,3,5,119,0,0,0,0,0,0,0,3,0,0,0,0,0,0,0,0
1047,2,4,5,62,0,0,0,0,0,0,0,4,0,0,0,0,0,0,0,0
1048,1,2,2,31,0,0,0,0,0,0,0,2,0,0,0,0,0,0,0,0
1049,0,1,1,15,0,0,0,0,0,0,0,1,0,0,0,0,0,0,0,0
1050,0,0,0,7,0,0,0,0,0,0,0,0,0,0,0,0,0,0,0,0
1051,0,0,0,3,0,0,0,0,0,0,0,0,0,0,0,0,0,0,0,0
1052,0,0,0,9,0,0,0,0,0,0,0,0,0,0,0,0,0,0,0,0
1053,0,0,0,15,0,0,0,0,0,0,0,0,0,0,0,0,0,0,0,0
1054,0,3,3,21,0,0,0,0,0,0,0,0,0,0,0,0,0,0,0,0
1055,0,1,1,10,0,0,0,0,0,0,0,0,0,3,0,0,0,0,0,0
1056,0,3,0,5,0,0,0,0,0,0,0,0,0,1,0,0,0,0,0,0
1057,0,4,0,2,0,0,0,0,0,6,0,0,0,0,0,0,0,0,0,0
1058,0,2,0,1,0,0,0,0,0,12,0,0,0,0,0,0,0,0,0,0
1059,0,1,0,0,0,0,0,0,0,18,0,0,0,0,0,0,0,0,0,0
1060,6,0,0,6,0,0,0,0,0,12,0,0,0,0,0,0,0,0,0,0
1061,12,0,0,12,0,0,0,0,0,9,0,0,0,0,0,0,0,0,0,0
1062,18,0,0,18,0,0,0,0,0,4,0,0,0,0,0,0,0,0,0,0
1063,36,0,0,37,0,0,0,0,0,2,0,0,0,0,0,0,0,0,0,0
1064,42,0,0,43,0,0,0,0,0,1,0,0,0,0,0,0,0,0,0,0
1065,48,0,0,49,0,0,0,0,0,0,0,0,0,0,0,0,0,0,0,0
1066,27,0,0,27,0,0,0,0,0,0,0,0,0,3,0,0,0,0,0,0
1067,16,3,0,16,0,0,0,0,0,0,0,0,0,4,0,0,0,0,0,0
1068,11,4,0,11,0,0,0,0,0,0,0,0,0,5,0,0,0,0,0,0
1069,8,5,0,8,0,0,0,0,0,0,0,0,0,2,0,0,0,0,0,0
1070,14,2,0,14,0,0,0,0,3,0,0,0,0,1,0,0,0,0,0,0
1071,7,4,0,7,0,0,0,0,4,0,0,3,0,0,0,0,0,0,0,0
1072,6,2,0,3,0,0,0,0,2,0,0,1,0,0,0,0,0,0,0,0
1073,3,1,0,4,0,0,0,0,1,0,0,0,0,0,0,0,0,0,0,0
1074,1,0,0,5,0,0,0,0,0,0,0,0,0,0,0,0,0,0,0,0
1075,0,3,0,2,0,0,0,0,0,0,0,0,0,3,0,0,0,0,0,0
1076,0,4,0,1,0,0,0,0,0,0,0,0,0,1,0,0,0,0,0,0
1077,3,2,3,7,0,0,0,0,0,0,0,0,0,0,0,0,0,0,0,0
1078,4,1,4,13,0,0,0,0,0,0,0,0,3,0,0,0,0,0,3,0
1079,5,0,2,19,0,0,0,0,0,0,0,0,4,0,0,0,0,0,4,0
1080,11,0,1,38,0,0,0,0,0,0,0,0,2,0,0,0,0,0,2,0
1081,8,6,3,88,0,0,0,0,0,0,0,0,1,0,0,0,0,0,4,0
1082,4,12,4,94,0,0,0,0,0,0,0,0,0,0,0,0,0,0,5,0
1083,5,18,5,100,0,0,0,0,0,0,0,0,0,0,0,0,3,0,5,0
1084,11,9,2,106,0,0,0,0,0,0,0,0,0,0,0,0,4,0,2,0
1085,17,7,1,168,0,0,0,0,0,0,0,0,0,0,0,0,2,0,1,0
1086,11,6,0,174,0,0,0,0,0,0,0,0,0,0,0,0,1,0,0,0
1087,8,6,0,180,0,0,0,0,0,0,0,0,0,0,0,0,0,0,0,0
1088,7,6,0,279,0,0,0,0,0,0,0,0,0,0,0,0,0,0,0,0
1089,3,3,0,285,0,0,0,3,0,0,0,0,0,0,0,0,0,0,0,0
1090,1,1,0,145,0,0,0,4,0,0,0,0,0,0,0,0,0,0,0,0
1091,0,0,0,151,0,0,0,2,0,0,0,0,0,0,0,0,0,0,0,0
1092,0,0,0,157,0,0,0,1,0,0,0,0,0,0,0,0,0,0,0,0
1093,9,0,0,327,0,0,0,0,0,0,0,0,0,0,0,0,0,0,0,0
1094,4,0,0,163,0,0,3,3,3,0,0,0,0,0,0,0,0,0,0,0
1095,2,0,0,81,0,0,1,4,4,0,0,0,0,0,0,0,0,0,0,0
1096,1,0,0,40,0,0,0,2,2,0,0,0,0,0,0,0,3,0,0,0
1097,3,0,0,20,0,0,0,1,1,0,0,0,0,0,0,0,1,0,0,0
1098,9,0,0,10,0,0,3,0,0,0,0,0,0,0,0,0,0,0,0,0
1099,15,3,0,5,0,0,13,0,0,0,0,0,0,0,0,0,0,0,0,0
1100,21,4,0,2,0,0,29,0,0,0,0,0,0,0,0,0,0,0,3,0
1101,13,5,0,1,0,0,53,0,0,0,0,0,0,0,0,0,0,0,4,0
1102,9,2,3,0,0,0,89,0,0,0,0,0,0,0,0,0,0,0,2,0
1103,4,1,1,0,0,0,47,0,0,0,0,0,0,0,0,0,0,0,1,0
1104,16,0,0,0,0,0,80,0,0,0,0,0,0,0,0,0,0,0,0,0
1105,8,0,0,0,0,0,86,0,0,0,0,0,0,0,0,0,0,0,0,0
1106,4,0,0,0,0,0,46,0,0,0,0,0,0,0,0,0,0,0,0,0
1107,2,0,0,0,0,0,26,0,0,0,0,0,0,0,0,0,0,0,0,0
1108,1,3,0,0,0,0,16,0,0,0,0,3,0,0,0,0,0,0,0,0
1109,0,4,0,0,0,0,8,0,0,0,0,4,0,0,0,0,0,0,0,0
1110,0,5,0,0,0,0,4,0,0,0,0,5,0,0,0,0,0,0,0,0
1111,0,2,0,0,0,0,2,0,0,3,0,2,0,0,0,0,0,0,0,0
1112,0,4,0,0,0,0,4,0,0,9,0,4,0,0,0,0,0,0,0,0
1113,0,5,0,0,0,0,5,0,0,22,0,5,0,0,0,0,0,0,0,0
1114,3,2,0,0,0,0,11,0,0,57,0,5,0,0,0,0,0,0,0,0
1115,4,1,0,0,0,0,17,0,0,126,0,5,0,0,0,0,0,0,0,0
1116,2,3,0,0,0,0,8,0,0,63,0,5,0,0,0,0,0,0,0,0
1117,1,4,0,0,0,0,4,0,0,34,0,11,0,0,0,0,0,0,0,0
1118,0,2,0,0,0,0,2,0,0,17,0,17,0,0,0,0,0,0,0,0
1119,0,1,0,0,0,0,1,0,0,8,0,8,0,0,0,0,0,0,0,0
1120,0,0,0,0,0,0,0,0,0,4,0,4,0,0,0,0,0,0,0,0
1121,0,0,0,0,0,0,0,0,0,2,0,5,0,0,0,0,0,0,0,0
1122,0,0,0,0,0,0,0,0,0,1,0,5,0,0,0,0,0,0,0,0
1123,0,3,0,0,0,0,0,0,0,0,3,2,0,0,0,0,0,0,0,0
1124,0,9,0,0,0,0,0,0,0,0,4,1,0,0,0,0,0,0,0,0
1125,0,4,0,0,0,0,0,0,0,0,5,0,0,0,0,0,0,0,0,0
1126,0,2,0,0,0,0,3,0,0,0,2,0,0,0,0,0,0,0,0,0
1127,0,1,0,0,0,0,4,0,0,0,1,0,0,0,0,0,0,0,0,0
1128,0,0,0,0,0,0,10,0,0,0,0,0,0,0,0,0,0,0,0,0
1129,0,0,0,0,0,0,16,0,0,0,0,0,0,0,0,0,0,0,0,0
1130,0,0,0,0,0,0,11,0,0,0,0,0,0,0,0,0,0,0,0,0
1131,0,0,0,0,0,0,5,0,0,0,0,0,0,0,0,0,0,0,0,0
1132,3,0,0,0,0,0,2,0,0,0,0,0,0,0,0,0,0,0,0,0
1133,1,0,0,0,0,0,1,0,0,0,0,0,0,0,0,0,0,0,0,0
1134,0,0,0,0,0,0,0,0,0,0,0,0,0,0,0,0,0,0,0,0
1135,3,0,0,0,0,0,3,0,0,0,0,0,0,0,0,0,0,0,0,0
1136,4,0,0,0,0,0,4,0,0,0,0,0,0,0,0,0,0,0,0,0
1137,5,0,0,0,0,0,5,0,0,0,0,3,0,0,0,0,0,0,0,0
1138,2,3,0,0,0,0,2,0,0,0,0,4,0,0,0,0,0,0,0,0
1139,4,4,0,0,0,0,4,0,0,0,0,2,0,0,0,0,0,0,0,0
1140,10,2,0,0,0,0,10,0,0,0,0,1,0,0,0,0,0,0,3,0
1141,24,1,0,3,0,0,16,0,0,0,0,0,0,0,0,0,0,0,1,0
1142,45,0,0,1,0,0,22,0,0,0,0,0,0,0,0,0,0,0,0,0
1143,25,0,3,0,0,0,28,0,0,0,0,0,0,0,0,0,0,0,0,0
1144,15,0,4,0,0,0,34,0,0,0,0,0,0,0,0,0,0,0,0,0
1145,10,0,10,0,0,0,80,0,0,0,0,0,0,0,0,0,0,0,0,0
1146,5,0,5,0,0,0,86,0,0,0,0,0,0,0,0,0,0,0,0,0
1147,2,0,2,3,0,0,46,0,0,0,0,0,0,0,0,0,0,0,0,0
1148,4,0,4,1,0,0,52,0,0,0,0,0,0,0,0,0,0,0,0,0
1149,2,0,2,0,0,0,26,0,0,0,0,3,3,0,0,0,0,0,0,0
1150,1,3,1,0,0,0,13,0,0,0,0,4,1,0,0,0,0,0,0,0
1151,7,4,0,0,0,0,19,0,0,0,0,5,0,0,0,0,0,0,0,0
1152,3,2,0,0,0,0,12,0,0,0,0,2,0,3,0,0,0,0,0,0
1153,1,1,0,0,0,0,9,0,0,0,0,1,0,1,0,0,0,0,0,0
1154,0,0,0,0,0,0,7,0,0,0,0,0,0,0,0,0,0,0,0,0
1155,3,0,0,0,0,0,20,0,0,0,0,0,0,0,0,0,0,0,0,0
1156,4,0,0,0,0,0,39,0,0,3,0,0,0,3,0,0,0,0,0,0
1157,5,0,3,0,0,0,68,0,0,4,0,0,0,4,0,0,0,0,0,0
1158,2,0,9,0,0,0,37,0,0,10,0,3,0,5,0,0,0,0,0,0
1159,1,0,15,0,0,0,18,0,0,8,0,4,0,5,0,0,0,0,0,0
1160,0,0,21,0,0,0,9,0,0,7,0,5,0,2,0,0,0,0,0,0
1161,0,0,27,0,0,0,7,0,0,6,0,2,0,1,0,0,0,0,0,0
1162,0,0,33,0,0,0,6,0,0,6,0,1,0,0,0,0,0,0,0,0
1163,0,0,39,0,0,0,12,0,0,6,0,0,0,0,0,0,0,0,0,0
1164,0,0,22,0,0,0,18,0,0,3,0,0,0,0,0,0,0,0,0,0
1165,0,0,11,0,0,0,37,3,0,1,0,0,0,0,0,0,0,0,0,0
1166,0,0,5,0,0,0,64,4,0,0,0,0,0,0,0,0,0,0,0,0
1167,0,0,2,0,0,0,106,5,0,0,0,0,0,0,0,0,0,0,0,0
1168,0,0,1,0,0,0,168,5,0,0,0,0,0,3,0,0,0,0,0,0
1169,0,0,0,0,0,0,174,5,0,0,0,0,0,4,0,0,0,0,0,0
1170,0,0,0,0,0,0,180,2,0,0,0,0,0,5,0,0,0,0,0,0
1171,0,0,0,0,0,0,90,1,0,0,0,0,0,2,0,3,0,0,0,0
1172,0,0,0,0,0,0,45,0,0,0,0,0,0,1,0,4,0,0,0,0
1173,0,0,0,0,0,0,25,0,0,0,0,6,0,0,0,2,0,0,0,0
1174,0,0,0,0,0,0,31,0,0,0,0,18,0,3,0,1,0,0,0,0
1175,0,0,0,0,0,0,37,0,0,0,0,36,0,4,0,0,0,0,0,0
1176,0,0,0,0,0,0,43,0,0,0,0,63,0,5,0,0,0,0,0,0
1177,0,0,0,0,0,0,24,0,0,0,0,103,0,5,0,0,0,0,0,0
1178,0,3,0,0,0,0,15,0,0,0,0,109,0,5,0,0,0,0,0,0
1179,0,4,0,0,0,0,7,0,0,0,0,57,3,2,0,0,0,0,0,0
1180,0,5,0,0,0,0,6,0,0,0,0,28,4,1,0,0,0,0,0,0
1181,0,2,0,0,0,0,6,0,0,0,0,14,5,0,0,0,0,0,0,0
1182,0,1,0,0,0,0,6,0,0,0,0,7,5,0,0,0,0,0,0,0
1183,0,0,0,0,0,0,3,0,0,0,0,3,2,0,0,0,0,0,0,0
1184,0,0,0,0,0,0,1,0,0,0,0,1,1,0,0,0,0,0,0,0
1185,0,0,0,0,0,0,0,0,0,0,0,0,0,0,0,0,0,0,0,0
1186,0,0,0,0,0,0,0,0,0,0,0,0,0,0,0,0,0,0,0,0
1187,0,0,0,0,0,0,0,0,0,0,0,0,0,0,0,0,0,0,0,0
1188,0,0,0,0,0,0,0,0,0,0,0,0,0,0,0,0,0,0,0,0
1189,0,0,3,0,0,0,0,0,0,0,0,0,0,0,0,0,0,0,3,0
1190,0,0,4,0,0,0,0,0,0,0,0,0,0,0,0,0,0,0,4,0
1191,3,0,2,0,0,0,9,0,0,0,0,3,0,0,0,0,0,0,2,0
1192,9,0,1,0,0,0,22,3,0,0,0,9,0,0,0,0,0,0,1,0
1193,22,0,0,0,0,0,71,4,0,0,0,15,0,0,0,0,0,0,0,0
1194,14,0,0,0,0,0,115,5,0,0,0,10,0,0,0,0,0,0,0,0
1195,10,0,0,0,0,0,182,2,0,0,0,5,0,0,0,0,0,0,0,0
1196,5,0,0,0,0,0,94,1,0,0,0,2,0,0,0,0,0,0,0,0
1197,5,0,6,0,0,0,100,0,0,0,0,8,0,0,0,0,0,0,0,0
1198,5,0,12,0,0,0,106,0,0,0,0,14,0,0,0,0,0,0,0,0
1199,5,0,9,0,0,0,112,0,0,0,0,20,0,0,0,0,0,0,0,0
1200,5,0,7,0,0,0,118,0,0,0,0,26,0,0,0,0,0,0,0,0
1201,5,0,6,0,0,0,124,0,0,0,0,32,0,0,0,0,0,0,0,0
1202,5,0,3,0,0,0,65,0,0,0,0,38,0,0,0,0,0,0,0,0
1203,2,0,1,0,0,0,32,0,0,0,0,44,0,0,0,0,0,0,0,0
1204,1,0,0,0,0,0,16,0,0,0,0,50,3,0,0,0,0,0,0,0
1205,0,0,0,0,0,0,8,0,0,0,0,56,4,0,0,0,0,0,0,0
1206,0,0,0,0,0,0,4,0,0,0,0,62,5,0,0,0,0,0,0,0
1207,0,0,0,0,0,0,2,0,0,0,0,68,5,0,0,0,0,0,0,0
1208,0,0,0,0,0,0,1,0,0,0,0,74,5,0,0,0,0,0,0,0
1209,0,0,3,0,0,0,3,0,0,0,0,80,2,0,0,0,0,0,0,0
1210,3,0,4,0,0,0,4,0,0,0,0,40,1,0,0,0,0,0,0,0
1211,4,0,5,0,0,0,5,0,0,0,0,20,3,0,0,0,0,0,0,0
1212,5,0,5,0,0,0,5,0,0,0,0,10,4,0,0,0,0,0,0,0
1213,5,0,2,0,0,0,5,0,0,0,0,5,5,0,0,0,0,0,0,0
1214,2,0,1,0,0,0,5,0,0,0,0,2,5,0,0,0,0,0,0,0
1215,1,0,3,0,0,0,2,0,0,0,0,4,5,0,0,0,0,0,0,0
1216,0,0,4,0,0,0,1,0,0,0,0,5,5,0,0,0,0,0,0,0
1217,0,0,10,0,0,0,14,0,0,0,0,2,2,0,0,0,0,0,0,0
1218,0,0,5,0,0,0,10,0,0,3,0,1,4,0,0,0,0,0,0,0
1219,0,0,2,0,0,0,8,0,0,4,0,0,5,0,0,0,0,0,0,0
1220,0,0,1,0,0,0,7,0,0,5,0,0,5,0,0,0,0,0,0,0
1221,0,0,0,0,0,0,3,0,0,11,0,0,2,0,0,0,0,0,0,0
1222,0,0,0,0,0,0,1,0,0,17,0,0,1,0,0,0,0,0,0,0
1223,0,0,0,0,0,0,11,0,0,11,0,0,0,0,0,0,0,0,0,0
1224,0,0,0,0,0,0,5,0,0,5,0,0,0,0,0,0,0,0,0,0
1225,0,0,0,0,0,0,2,0,0,2,0,6,0,0,0,3,0,0,0,0
1226,0,0,0,0,0,0,1,0,3,1,0,18,0,0,0,4,0,0,0,0
1227,0,0,0,0,0,0,0,0,4,0,0,24,0,0,0,2,0,0,0,0
1228,0,0,0,0,0,0,0,0,2,0,0,15,0,0,0,1,0,0,0,0
1229,0,0,0,0,0,0,0,0,1,0,0,10,0,0,0,0,0,0,0,0
1230,0,0,0,0,0,0,0,0,0,0,0,8,0,0,0,0,0,0,0,0
1231,0,0,0,0,0,0,0,0,0,0,0,7,0,0,0,0,0,0,0,0
1232,0,0,0,0,0,0,0,0,0,0,0,3,3,0,0,0,0,0,0,0
1233,9,0,0,3,0,0,0,0,0,0,0,4,1,0,0,0,3,0,0,0
1234,7,0,0,1,0,0,0,3,0,0,0,5,0,0,3,0,1,0,0,0
1235,3,0,0,0,0,0,0,4,0,0,0,2,0,0,4,0,3,0,0,0
1236,1,0,0,0,0,0,0,2,0,0,0,1,0,0,2,3,1,0,3,0
1237,0,0,0,0,0,0,0,1,0,0,0,0,0,0,1,1,0,0,1,0
1238,0,0,0,0,0,0,0,0,0,0,0,0,0,0,0,0,0,0,0,0
1239,0,0,0,0,0,0,0,0,0,0,0,0,0,0,0,0,0,0,0,0
1240,0,0,0,0,0,0,0,0,0,0,0,0,0,0,0,0,0,0,0,0
1241,0,0,0,0,0,0,0,0,0,0,0,0,0,0,0,0,0,0,0,0
1242,0,0,0,0,0,0,0,0,0,0,0,0,0,0,0,0,0,0,0,0
1243,3,0,0,0,0,0,0,0,0,0,0,0,0,0,0,0,0,0,0,0
1244,4,0,0,0,0,0,0,0,0,0,0,0,0,0,0,0,0,0,0,0
1245,5,0,0,0,0,0,0,0,0,0,0,0,0,0,0,0,0,0,0,0
1246,2,0,3,0,0,0,0,0,0,0,0,0,0,0,0,0,0,0,0,0
1247,1,0,4,0,0,0,0,0,0,0,0,0,0,0,0,0,0,0,0,0
1248,0,0,2,0,0,0,0,0,0,0,0,0,3,0,0,0,3,0,0,0
1249,0,0,1,0,0,0,0,0,0,0,0,0,4,0,0,0,4,0,0,0
1250,0,0,0,0,0,0,0,0,0,0,0,0,2,0,0,0,2,0,0,0
1251,0,0,0,0,0,0,0,0,0,0,0,0,1,0,0,0,1,0,0,0
1252,0,0,0,0,0,0,0,0,0,0,0,3,0,0,0,0,0,0,0,0
1253,0,0,0,0,0,0,0,0,0,0,0,4,0,3,0,0,6,0,0,0
1254,0,0,0,0,0,0,0,0,0,0,0,2,0,4,0,0,25,0,0,0
1255,0,0,0,0,0,0,0,0,0,0,0,1,0,2,0,0,12,0,0,0
1256,0,0,0,0,0,0,0,0,0,0,0,0,0,1,0,0,6,0,0,0
1257,3,3,0,0,0,0,3,0,0,0,3,0,0,0,0,0,3,0,0,0
1258,9,4,0,0,0,0,9,0,0,0,4,0,0,0,0,0,1,0,0,0
1259,7,2,0,0,0,0,15,0,0,0,2,0,0,0,0,0,3,0,0,0
1260,3,1,0,0,0,0,7,0,0,0,1,0,0,0,0,0,4,0,0,0
1261,1,0,0,0,0,0,3,0,0,0,0,0,0,0,0,0,2,0,0,0
1262,3,0,0,0,0,0,4,0,0,0,0,0,0,0,0,0,1,0,0,0
1263,9,0,0,3,0,0,5,0,0,0,0,0,0,0,0,0,0,0,0,0
1264,7,0,0,4,0,0,2,0,0,0,0,0,0,0,0,0,0,0,0,0
1265,3,0,0,2,0,0,1,0,0,0,0,0,0,0,3,0,0,0,3,0
1266,4,0,0,8,0,0,0,3,0,0,0,0,0,0,1,0,0,0,1,0
1267,2,3,0,4,0,0,0,1,0,0,0,0,0,0,0,0,0,0,0,0
1268,1,4,0,2,0,0,0,0,0,0,0,0,0,3,0,0,0,0,0,0
1269,0,5,0,1,0,0,0,0,0,0,0,0,0,4,0,0,0,0,0,0
1270,0,5,3,0,0,0,0,0,0,3,0,0,0,5,0,0,0,0,0,0
1271,0,5,4,0,0,0,0,0,0,4,0,0,3,5,0,0,0,0,0,0
1272,0,5,5,0,0,0,0,0,0,5,0,0,4,5,0,0,0,0,0,0
1273,0,2,5,0,0,0,0,0,0,5,0,0,5,2,0,0,0,0,0,0
1274,0,1,2,0,0,0,0,0,0,2,0,0,2,1,0,0,0,0,0,0
1275,0,7,1,0,0,0,0,0,0,1,0,0,1,0,0,0,0,0,0,0
1276,0,13,0,0,0,0,0,0,0,0,0,0,0,0,0,0,0,0,0,0
1277,0,9,0,0,0,0,0,0,0,0,0,0,0,9,0,0,0,0,0,0
1278,0,4,0,0,0,0,0,0,0,0,0,0,0,7,0,0,0,0,0,0
1279,0,2,0,0,0,0,0,0,0,0,0,0,0,3,0,0,0,0,0,0
1280,0,1,0,0,0,0,0,0,0,0,0,0,0,1,0,0,0,0,0,0
1281,0,0,3,0,0,0,0,0,0,0,0,0,0,0,0,0,0,0,0,0
1282,0,0,4,0,0,0,0,0,0,0,0,0,0,0,0,0,0,0,0,0
1283,0,0,2,3,0,0,0,0,0,0,0,0,0,0,0,0,3,0,0,0
1284,0,0,1,4,0,0,0,0,0,0,0,0,0,0,0,0,4,0,0,0
1285,0,0,0,2,3,0,0,0,0,0,3,0,0,0,0,0,2,0,0,0
1286,0,0,0,1,9,0,0,0,0,0,4,0,0,0,0,0,1,0,0,0
1287,0,0,0,0,15,0,0,0,0,0,10,0,0,3,0,0,0,0,0,0
1288,0,0,0,0,31,0,0,0,0,0,16,0,0,4,0,0,0,0,0,0
1289,0,0,0,0,56,0,0,0,0,0,22,0,0,5,0,0,0,0,0,0
1290,0,0,0,0,93,0,0,0,0,0,14,0,0,2,0,0,0,0,0,0
1291,0,0,0,0,99,0,0,0,0,0,30,0,0,1,0,0,0,0,0,0
1292,0,0,0,0,52,0,0,0,0,0,72,0,0,0,0,0,0,0,0,0
1293,0,0,0,0,29,0,0,0,0,0,118,0,0,0,0,0,0,0,0,0
1294,0,0,0,0,35,0,0,0,0,0,124,0,0,0,0,0,0,0,0,0
1295,0,0,3,0,20,0,0,0,0,3,65,0,0,0,0,0,0,0,0,0
1296,0,0,4,0,13,0,0,0,0,9,32,0,0,0,0,0,0,0,0,0
1297,0,0,5,0,9,0,0,0,0,15,16,0,0,0,0,0,0,0,0,0
1298,0,0,5,0,4,0,0,0,0,31,8,0,0,0,0,0,0,0,0,0
1299,0,0,5,0,2,0,0,0,0,56,4,0,0,0,0,0,0,0,0,0
1300,0,3,2,0,4,0,0,0,0,28,5,0,0,3,0,0,0,3,3,0
1301,0,4,1,0,10,0,0,0,0,14,2,0,0,4,0,0,0,4,4,0
1302,0,5,0,0,16,0,0,0,0,7,1,0,0,5,0,0,0,2,5,0
1303,0,5,0,0,44,0,0,3,0,3,7,0,0,2,0,0,0,1,2,0
1304,0,5,0,0,100,0,0,4,0,1,13,0,0,1,0,0,0,0,1,0
1305,0,5,0,0,213,0,0,5,0,0,9,0,0,0,0,0,0,3,0,0
1306,0,2,0,0,106,0,0,2,0,0,4,0,0,0,0,0,3,1,0,0
1307,3,1,0,0,53,0,0,4,0,0,2,0,0,0,0,0,1,0,0,0
1308,13,0,0,0,26,0,3,5,0,0,1,0,0,0,0,0,0,0,0,0
1309,19,0,0,0,13,0,1,5,0,0,0,0,0,0,0,0,0,0,0,0
1310,25,0,0,0,6,0,0,5,0,0,0,0,0,0,0,0,0,0,0,0
1311,12,0,0,0,3,0,0,2,0,0,3,0,0,0,0,0,0,0,3,0
1312,6,0,3,0,1,0,0,1,3,0,1,0,0,0,0,0,0,0,4,0
1313,3,0,4,0,0,0,0,0,4,0,0,0,0,0,0,0,0,0,5,0
1314,1,0,2,0,0,0,0,0,2,0,0,0,0,0,0,0,0,0,11,0
1315,0,0,1,0,0,0,0,3,1,0,0,0,0,0,0,0,0,0,17,0
1316,0,0,0,0,0,0,0,4,0,0,0,0,0,0,0,0,0,0,23,0
1317,3,0,0,0,0,0,0,5,0,0,0,0,0,0,0,0,0,0,14,0
1318,4,0,0,0,0,0,0,2,0,0,0,0,0,0,0,0,0,0,10,0
1319,2,0,0,0,0,0,0,1,0,0,0,0,0,0,0,0,0,0,8,0
1320,1,0,0,0,0,0,0,0,0,0,0,0,0,0,0,0,0,0,4,0
1321,0,0,0,0,0,0,0,0,0,0,0,0,0,0,0,0,0,0,2,0
1322,0,0,0,0,0,0,0,0,0,0,0,0,0,0,0,0,0,0,1,3
1323,0,3,0,0,0,0,0,0,0,0,0,0,0,0,0,0,0,0,0,1
1324,3,9,0,0,0,0,0,0,0,0,0,3,0,0,0,0,0,0,0,0
1325,9,4,0,0,0,0,0,3,0,0,0,4,0,0,0,0,3,0,0,0
1326,4,5,0,0,0,0,0,1,0,0,0,2,0,0,0,0,1,0,0,0
1327,2,11,0,0,0,0,0,0,0,0,0,1,0,0,0,0,0,0,0,0
1328,1,17,0,0,0,0,0,0,0,0,0,0,0,0,0,0,0,0,0,0
1329,0,11,0,0,0,0,0,0,0,0,0,0,0,0,0,0,0,0,0,0
1330,0,5,0,0,0,0,0,0,0,0,0,0,0,0,0,0,0,0,0,0
1331,0,2,0,0,0,0,0,0,0,0,0,0,0,0,0,0,0,0,0,0
1332,0,1,0,0,0,0,0,0,0,0,0,0,0,0,0,0,0,0,0,0
1333,3,0,0,0,0,0,3,0,0,0,0,0,0,0,0,0,0,0,0,0
1334,4,0,0,0,0,0,13,0,0,0,0,0,0,0,0,0,0,0,0,0
1335,2,15,0,0,0,0,19,0,0,0,0,0,0,0,0,0,0,0,0,0
1336,1,7,0,0,0,0,9,0,0,0,0,0,0,0,0,0,0,0,0,0
1337,7,3,0,3,0,0,4,0,0,0,0,0,0,0,0,0,0,0,0,0
1338,19,1,0,4,0,0,2,0,0,0,0,0,0,6,0,0,0,0,0,0
1339,9,3,0,2,0,0,1,0,0,0,0,0,0,3,0,0,0,0,0,0
1340,4,1,0,1,0,0,0,0,0,0,0,0,0,1,0,0,0,0,0,0
1341,5,0,0,0,0,0,0,3,0,0,0,0,0,0,0,0,0,0,0,0
1342,11,0,3,0,0,0,0,1,0,0,3,0,0,0,0,0,0,0,0,0
1343,8,3,1,0,0,0,0,0,0,0,1,0,0,0,0,0,0,0,0,0
1344,4,4,0,0,0,0,0,0,0,0,0,0,0,0,0,0,0,0,0,0
1345,2,2,0,0,0,0,0,0,0,0,0,0,0,0,0,0,0,0,0,0
1346,1,1,0,0,0,0,0,0,0,0,0,0,0,0,0,0,0,0,0,0
1347,0,0,0,0,0,0,0,0,0,0,0,0,0,0,0,0,0,0,0,0
1348,0,3,0,0,0,0,0,0,0,0,0,0,0,0,0,0,0,0,0,0
1349,0,4,0,0,0,0,0,0,0,0,0,0,0,0,0,0,0,0,0,0
1350,3,5,0,0,0,0,0,0,0,0,0,0,0,0,0,0,0,0,0,0
1351,1,2,0,0,0,0,3,0,0,0,0,0,0,0,0,0,3,0,0,0
1352,3,1,0,3,0,0,1,3,0,0,0,0,0,0,0,0,1,0,0,0
1353,4,0,0,4,0,0,0,4,0,0,0,0,0,0,0,0,0,0,0,0
1354,2,0,0,2,0,0,0,2,0,0,0,0,0,0,0,0,3,0,0,0
1355,1,0,0,1,0,0,0,1,0,0,0,0,0,0,0,0,4,0,0,0
1356,3,0,0,3,0,0,0,0,0,0,0,0,0,0,0,0,10,0,0,3
1357,4,0,0,1,0,0,0,0,0,0,0,0,0,0,0,0,8,0,0,4
1358,2,3,0,0,0,0,0,0,0,0,0,0,0,0,0,0,4,0,0,2
1359,1,1,0,0,0,0,0,0,0,0,0,0,0,0,0,0,2,0,0,1
1360,0,0,0,0,0,0,0,0,0,0,0,0,0,0,0,0,1,0,0,0
1361,9,0,0,3,0,0,0,3,0,0,0,3,0,3,0,0,0,0,0,0
1362,39,0,0,13,0,0,0,4,0,0,0,1,0,1,0,0,0,0,0,0
1363,68,0,0,29,0,0,0,5,0,0,0,0,0,0,0,0,0,0,0,0
1364,74,0,0,14,0,0,0,2,0,0,0,0,0,3,0,0,0,0,6,3
1365,80,0,0,7,0,0,0,1,0,0,0,0,0,4,0,0,0,0,12,4
1366,43,0,0,3,0,0,0,0,0,0,0,0,0,2,0,0,0,0,6,2
1367,21,0,0,4,0,0,0,0,0,0,0,0,0,1,0,0,0,0,3,1
1368,10,0,0,2,0,0,0,0,0,0,0,0,0,0,0,0,0,0,1,0
1369,8,0,0,1,0,0,0,0,0,0,0,6,0,0,0,0,0,0,0,0
1370,4,0,0,0,0,0,0,0,0,0,0,3,0,0,0,0,0,0,0,0
1371,2,0,0,0,0,0,0,0,0,0,0,1,0,0,0,0,0,0,0,0
1372,1,0,0,0,0,0,0,0,0,0,0,0,0,0,0,0,0,0,0,0
1373,0,0,0,0,0,0,0,0,0,0,0,0,0,0,0,0,0,0,0,0
1374,3,0,0,3,0,0,0,3,0,0,0,0,0,0,0,0,0,0,0,0
1375,4,3,0,4,0,0,0,1,0,0,0,0,0,0,0,0,0,0,0,0
1376,10,1,0,5,0,0,0,3,0,0,0,0,0,0,0,0,0,0,0,0
1377,5,0,6,2,0,0,0,1,0,0,0,3,0,0,0,0,0,0,0,0
1378,11,0,3,8,0,0,0,3,0,0,0,1,0,0,0,0,0,0,0,0
1379,8,0,1,14,0,0,0,1,0,0,0,0,3,0,0,0,0,0,0,0
1380,4,0,0,7,0,0,0,0,0,0,0,0,1,0,0,0,0,0,0,0
1381,10,0,0,6,0,0,3,0,3,0,0,0,0,0,0,0,0,0,0,0
1382,16,0,0,6,0,0,4,0,4,0,0,0,0,0,0,0,0,0,0,0
1383,8,0,0,3,0,0,2,0,2,0,0,3,0,0,0,0,0,0,0,0
1384,7,0,3,1,0,0,1,0,1,0,0,1,0,0,0,0,0,0,3,0
1385,6,0,4,0,0,0,0,0,0,0,0,0,0,0,0,0,0,0,4,0
1386,18,0,5,0,0,0,0,0,0,0,0,0,0,0,0,0,0,0,2,0
1387,12,0,2,0,0,0,0,3,0,0,0,0,0,0,0,0,0,0,1,0
1388,9,0,1,0,0,0,0,4,0,0,0,0,0,0,0,0,0,0,0,0
1389,22,0,0,3,0,0,0,2,0,0,0,0,0,0,0,0,0,0,0,0
1390,14,0,0,1,0,0,0,4,0,0,0,0,0,0,0,0,0,0,0,0
1391,7,0,0,0,0,0,0,2,0,0,0,0,0,0,0,0,0,3,0,0
1392,6,0,0,0,0,0,0,1,0,0,0,0,0,0,0,0,0,1,0,3
1393,3,0,0,0,0,0,0,0,0,0,0,0,0,0,0,0,0,0,0,1
1394,1,0,0,0,0,0,0,0,0,0,0,0,0,0,0,0,0,0,0,0
1395,0,0,3,0,0,0,0,0,0,0,0,0,3,0,0,0,0,0,0,0
1396,6,0,1,0,0,0,0,0,0,0,0,3,1,0,0,3,0,0,0,0
1397,3,0,0,3,0,0,0,0,0,0,0,1,0,0,0,1,0,3,0,0
1398,1,0,0,1,0,0,0,0,0,0,0,0,0,0,0,0,0,1,0,0
1399,0,0,0,0,0,0,0,0,0,0,0,0,0,0,0,0,0,0,0,0
1400,0,0,0,0,0,0,0,0,0,0,0,0,0,0,0,0,0,0,6,0
1401,0,3,3,0,0,0,0,0,0,0,0,0,3,0,0,0,0,0,3,0
1402,0,4,4,0,0,0,0,0,0,0,0,0,4,0,0,0,0,0,1,0
1403,0,2,2,0,0,0,0,0,0,0,0,0,2,0,0,0,0,0,3,0
1404,0,1,4,0,0,0,0,0,0,0,0,0,1,0,0,0,0,0,4,0
1405,0,0,5,0,0,0,0,0,0,0,0,0,3,0,0,0,3,0,2,0
1406,0,0,2,0,0,0,0,3,0,0,0,3,1,0,0,0,1,0,1,0
1407,0,0,1,0,0,0,0,4,0,0,0,4,0,0,0,0,0,0,0,0
1408,0,0,0,0,0,0,0,2,0,0,0,2,0,0,0,0,0,6,0,0
1409,0,0,0,0,0,0,0,1,0,0,0,1,0,0,0,3,0,12,0,0
1410,6,0,0,0,0,0,3,0,0,0,3,0,0,0,0,1,0,6,0,0
1411,3,0,0,0,0,0,1,0,0,0,1,0,0,0,0,0,0,3,0,0
1412,1,0,0,0,0,0,0,0,0,0,0,0,0,0,0,0,0,1,0,0
1413,0,0,3,0,0,0,0,0,0,0,3,0,0,0,0,0,0,0,0,0
1414,0,0,4,0,0,0,0,0,0,0,4,0,0,0,0,0,0,0,0,0
1415,0,0,5,0,0,0,0,0,0,0,5,0,0,0,0,0,0,0,0,0
1416,0,3,11,0,0,0,0,0,0,0,2,0,0,0,0,0,0,0,0,0
1417,3,4,5,0,0,0,0,0,0,0,1,0,0,0,0,0,0,0,0,0
1418,1,5,2,0,0,0,0,0,0,3,0,0,0,0,0,0,0,0,0,0
1419,0,2,1,0,0,0,0,3,0,1,0,6,0,0,0,0,0,0,0,0
1420,0,1,0,0,0,0,0,4,0,0,0,12,0,0,0,0,0,0,0,0
1421,0,0,0,0,0,0,0,5,0,0,0,18,0,0,0,0,0,0,0,0
1422,0,0,0,0,0,0,0,5,0,0,0,24,0,0,0,0,0,0,0,0
1423,0,3,6,0,0,0,0,2,0,0,0,12,0,0,0,0,0,0,0,0
1424,0,1,3,0,0,0,0,1,0,0,0,6,0,0,0,0,0,0,0,0
1425,3,0,9,0,0,0,0,0,0,6,0,3,0,0,0,0,0,0,0,0
1426,1,3,15,0,0,0,0,0,0,3,0,1,0,0,0,0,0,0,0,0
1427,11,4,10,0,0,0,0,0,0,1,3,0,0,0,0,0,3,0,0,0
1428,5,2,5,0,0,0,0,6,0,0,4,0,0,0,0,0,1,0,0,0
1429,5,1,2,0,0,0,0,3,0,0,2,3,0,0,0,0,0,0,0,0
1430,5,0,1,0,0,0,0,1,0,0,1,4,0,0,0,0,0,0,0,0
1431,5,0,0,0,0,0,0,0,0,0,0,2,0,0,0,0,0,0,0,0
1432,11,6,0,0,0,0,0,0,0,0,3,1,0,0,0,0,0,0,0,0
1433,17,6,0,0,0,0,0,0,0,0,4,0,0,0,0,0,0,0,0,0
1434,11,3,0,0,0,0,0,3,0,0,10,0,0,0,0,0,0,0,0,0
1435,5,13,0,0,0,0,0,1,0,0,5,0,3,0,0,0,0,0,0,0
1436,5,6,0,0,0,0,0,0,0,0,2,3,1,0,0,0,0,0,0,0
1437,2,3,0,0,0,0,0,0,0,0,1,4,0,0,0,0,0,0,0,0
1438,8,4,3,0,0,0,0,6,0,0,0,10,0,0,0,0,0,0,0,0
1439,14,2,1,0,0,0,0,12,0,0,0,16,0,0,0,0,0,0,0,0
1440,7,1,0,0,0,0,0,6,0,3,0,22,0,3,0,0,0,3,0,0
1441,3,0,0,0,0,0,0,3,3,1,0,28,0,4,0,0,0,1,0,0
1442,4,0,0,0,0,0,0,1,1,0,0,14,0,2,0,0,0,0,0,0
1443,5,0,0,0,0,0,3,0,0,0,3,7,0,1,0,0,0,0,0,0
1444,5,0,0,0,0,0,1,0,0,0,1,3,0,0,0,0,0,0,3,0
1445,5,0,0,0,0,0,0,0,0,0,0,1,0,0,0,0,0,0,4,0
1446,5,0,0,0,0,0,0,0,0,0,6,0,0,3,0,0,0,0,2,0
1447,5,0,0,0,0,0,0,0,0,0,12,0,0,4,0,0,0,0,1,0
1448,2,0,3,0,0,0,0,0,0,0,9,0,0,2,0,0,0,0,0,0
1449,8,0,1,0,0,0,0,0,0,0,15,3,0,1,0,0,0,0,0,0
1450,7,0,3,3,0,0,0,0,0,0,7,1,3,0,0,0,0,0,0,0
1451,20,3,1,1,0,0,0,0,0,0,3,0,1,0,0,0,0,0,0,0
1452,52,1,0,0,0,0,0,0,0,0,1,0,0,0,0,0,0,0,0,0
1453,116,0,0,0,0,0,0,0,0,0,0,0,0,0,0,0,0,0,0,0
1454,58,3,0,0,0,0,0,0,0,0,3,0,0,0,0,0,3,0,0,0
1455,29,4,3,0,0,0,0,6,0,0,4,3,0,0,0,0,4,0,0,0
1456,14,5,1,0,0,0,0,12,0,0,5,4,0,0,0,0,5,3,0,0
1457,7,5,0,0,0,0,0,6,0,0,5,2,0,0,0,0,2,4,3,0
1458,3,5,0,0,0,0,0,3,0,0,2,1,0,0,0,0,1,5,4,0
1459,1,2,0,0,0,0,0,1,0,0,1,3,0,0,0,0,3,2,2,0
1460,0,1,0,0,0,0,0,3,0,0,7,1,0,0,0,0,1,1,1,0
1461,3,0,0,0,0,0,0,9,0,0,3,3,0,0,0,0,7,0,0,0
1462,1,0,0,0,0,0,0,15,0,0,1,1,0,0,0,0,13,0,0,0
1463,0,0,0,0,0,0,0,21,0,0,0,0,0,0,0,0,19,0,0,0
1464,0,0,0,0,0,0,0,13,0,0,0,0,0,0,0,0,25,0,0,0
1465,0,0,0,0,0,0,0,6,0,0,0,0,0,0,0,0,31,0,0,0
1466,0,0,0,0,0,0,0,3,0,0,0,0,0,0,0,0,37,0,0,0
1467,0,0,0,0,0,0,0,1,0,0,0,0,0,0,0,0,43,0,0,0
1468,0,0,0,0,0,0,0,0,0,0,0,0,0,0,0,0,49,0,0,0
1469,0,3,3,0,0,0,0,0,0,0,0,0,0,0,0,0,55,0,0,0
1470,0,4,1,0,0,0,0,0,0,0,0,0,0,0,0,0,61,0,0,0
1471,0,2,0,0,0,0,0,0,0,0,0,0,0,0,0,0,30,0,0,0
1472,0,1,0,0,0,0,0,0,0,0,0,3,0,0,0,0,15,0,0,0
1473,0,0,0,0,0,0,0,0,0,0,0,1,0,0,0,0,7,0,0,0
1474,3,0,0,0,0,0,0,0,0,0,3,0,0,0,0,0,3,0,0,0
1475,4,0,0,0,0,0,0,0,0,0,4,0,0,0,0,0,1,0,0,0
1476,15,0,0,0,0,0,0,0,0,0,10,0,0,0,0,0,0,0,0,0
1477,7,0,0,0,0,0,0,0,0,0,5,0,0,0,0,0,0,0,0,0
1478,3,6,0,0,0,0,0,0,0,0,2,0,0,0,0,0,0,0,0,0
1479,4,3,0,0,0,0,0,0,0,0,1,0,0,0,0,0,0,0,0,0
1480,5,1,0,0,0,0,0,0,0,0,0,0,0,0,0,0,0,0,0,0
1481,22,0,0,0,0,0,0,0,0,0,0,0,0,0,0,0,0,0,0,0
1482,57,0,0,0,0,0,0,0,0,0,0,0,0,0,0,0,0,0,0,0
1483,31,0,0,0,0,0,0,0,0,0,0,0,0,0,0,0,0,0,0,0
1484,15,3,0,0,0,0,0,0,0,0,0,0,0,0,0,0,0,0,0,0
1485,7,1,0,0,0,0,0,0,0,0,0,0,0,0,0,0,0,0,0,0
1486,3,0,0,0,0,0,0,0,0,0,0,0,0,3,0,0,0,0,0,3
1487,1,0,3,0,0,0,0,0,0,0,0,0,0,4,0,0,0,0,0,4
1488,0,0,1,0,0,0,0,0,0,0,0,0,0,2,0,0,0,0,0,2
1489,6,0,0,0,0,0,0,3,3,0,6,0,0,1,0,0,0,0,0,1
1490,6,0,0,0,0,0,0,4,1,0,6,0,0,0,0,0,0,0,0,0
1491,18,0,0,0,0,0,0,5,0,0,3,0,0,3,0,0,0,0,0,0
1492,9,0,3,0,0,0,0,2,0,0,1,0,0,1,0,0,0,0,0,0
1493,38,0,1,0,0,0,0,1,0,0,7,0,0,0,0,0,0,0,0,0
1494,22,0,3,0,0,0,0,0,0,0,3,0,3,0,0,0,0,0,0,0
1495,42,0,4,0,0,0,0,3,0,0,1,0,1,0,0,0,0,0,3,0
1496,48,0,16,0,0,0,0,4,0,0,0,0,3,0,0,0,0,0,1,0
1497,54,0,33,0,0,0,0,5,0,0,0,0,4,0,0,0,0,0,0,0
1498,120,0,16,0,0,0,0,2,0,0,0,0,2,3,0,0,0,0,0,0
1499,379,0,8,0,0,0,0,1,0,0,0,0,1,1,0,0,0,0,0,0
1500,385,3,4,0,0,0,0,3,0,0,0,0,0,0,0,0,0,0,0,0
1501,587,1,2,0,0,0,0,1,0,0,0,0,0,0,0,0,0,0,3,0
1502,593,0,1,0,0,0,0,0,0,0,0,0,0,0,0,0,0,0,4,0
1503,299,0,0,0,0,0,0,0,0,0,0,0,0,0,0,0,0,0,15,0
1504,149,0,0,0,0,0,0,0,0,0,0,0,0,0,0,0,0,0,32,0
1505,155,0,0,0,0,0,0,0,0,0,0,0,0,0,0,0,0,0,38,0
1506,161,0,0,0,0,0,0,0,0,0,0,0,0,0,0,0,0,0,22,0
1507,419,0,0,0,0,0,0,0,0,0,0,0,0,0,0,0,0,0,11,0
1508,1064,0,0,0,0,0,0,0,0,0,0,0,0,0,0,0,0,0,5,0
1509,2141,0,0,0,0,0,0,3,0,0,0,0,0,0,0,0,0,0,11,0
1510,3221,0,0,0,0,0,0,4,0,0,0,0,0,0,0,0,0,0,8,0
1511,4841,0,0,0,0,0,0,5,0,0,0,0,0,0,0,0,0,0,7,0
1512,9695,0,0,0,0,0,0,5,0,0,0,0,0,0,0,0,0,0,6,0
1513,19402,0,0,0,0,0,0,5,0,0,0,0,0,0,0,0,0,0,6,0
1514,67929,0,0,0,0,0,0,2,0,0,0,0,0,0,0,0,0,0,6,0
1515,203807,0,3,0,0,0,9,1,0,0,0,0,3,0,0,0,0,0,3,0
1516,305719,0,1,0,0,0,15,0,0,0,0,0,1,3,0,0,0,0,1,0
1517,152862,0,0,0,0,0,7,0,0,0,0,0,0,1,0,0,0,0,7,0
1518,76434,0,0,0,0,0,3,0,0,0,0,0,0,3,0,0,0,0,3,0
1519,38220,0,0,0,0,0,1,0,0,0,0,0,0,9,0,0,0,0,1,3
1520,76452,0,0,0,0,0,0,0,0,0,0,0,0,7,0,0,0,0,0,1
1521,152916,0,0,0,0,0,0,0,0,0,0,0,0,6,0,0,0,0,0,0
1522,305845,0,0,0,0,0,0,0,0,0,0,0,0,3,0,0,0,0,0,0
1523,611703,0,0,0,0,0,0,0,0,0,0,0,0,1,0,0,0,0,0,0
1524,1223419,0,0,0,0,0,0,0,0,0,0,0,0,0,0,0,0,0,0,0
1525,611712,3,0,0,0,0,0,0,0,0,0,0,0,0,0,0,0,0,0,0
1526,305856,4,0,0,0,0,0,0,0,0,3,0,0,0,0,0,0,0,0,0
1527,152928,5,0,0,0,0,0,0,0,0,4,0,0,0,0,0,0,0,0,0
1528,76467,2,0,0,0,0,0,0,0,0,2,0,0,0,0,0,0,3,0,0
1529,38236,1,0,0,0,0,0,0,0,0,1,0,0,3,0,0,0,1,3,0
1530,95606,0,3,0,0,0,0,0,0,0,0,0,0,4,0,0,0,0,13,0
1531,239031,0,4,0,0,0,0,0,0,0,0,0,0,5,0,0,0,0,29,0
1532,239037,0,2,0,0,0,0,0,0,0,0,0,0,2,0,0,0,0,35,0
1533,119521,0,1,0,0,0,0,0,0,0,0,0,0,1,0,0,0,0,41,0
1534,59763,3,3,0,0,0,0,6,0,0,0,0,0,0,0,0,0,0,23,0
1535,59769,4,4,0,0,0,0,12,0,0,0,0,3,0,0,0,0,0,14,0
1536,119551,2,2,0,0,0,0,6,0,0,0,0,4,0,0,0,0,0,7,0
1537,298893,1,1,0,0,0,0,3,0,0,0,0,2,3,0,0,0,0,20,0
1538,597799,0,0,0,0,0,0,1,0,0,0,0,1,1,0,0,0,0,39,0
1539,1195611,0,0,0,0,0,0,0,0,0,0,0,0,0,0,0,0,0,67,0
1540,2391234,0,0,0,0,0,0,0,0,0,0,0,0,0,0,0,0,0,73,0
1541,3586860,0,0,0,0,0,0,0,0,0,0,0,0,0,0,0,0,0,36,0
1542,3586866,3,3,0,0,0,0,0,0,0,0,0,0,0,0,0,0,0,18,0
1543,5380308,4,4,0,0,0,0,0,0,0,0,0,0,0,0,0,0,0,9,0
1544,5380314,5,2,0,0,0,0,0,0,0,3,0,0,0,0,0,0,0,4,0
1545,10760640,2,1,0,0,0,0,0,0,0,4,0,0,0,0,0,0,0,2,0
1546,10760646,4,0,0,0,0,0,0,0,0,2,0,0,0,0,0,0,3,4,0
1547,10760652,2,0,0,0,0,0,3,0,0,1,0,0,3,0,0,0,1,2,0
1548,10760658,1,0,0,0,0,0,1,0,0,7,0,0,1,0,0,0,0,1,0
1549,5380329,0,0,0,0,0,0,0,0,0,3,0,0,0,0,0,0,0,0,0
1550,2690167,0,0,0,0,0,0,0,0,0,1,0,0,3,0,0,0,0,0,0
1551,2690173,0,3,0,0,0,0,0,0,0,0,0,0,4,0,0,0,0,0,0
1552,5380359,0,4,0,0,0,0,0,0,0,0,0,0,5,0,0,0,0,0,0
1553,13450913,0,10,0,0,0,0,0,0,0,0,0,0,5,0,0,0,0,0,0
1554,40352757,0,16,0,0,0,0,0,0,0,0,0,0,5,0,0,0,0,0,0
1555,100881909,0,8,0,0,0,0,0,0,3,0,0,0,2,0,0,0,0,0,0
1556,252204789,0,4,0,0,0,0,0,0,4,0,0,0,1,0,0,0,0,0,0
1557,126102394,0,2,0,0,0,0,0,0,2,0,0,0,0,0,0,0,12,0,0
1558,126102400,0,1,0,0,0,0,0,0,1,0,0,0,0,0,0,0,36,0,0
1559,189153610,3,0,0,0,0,0,0,0,0,0,0,0,0,0,0,0,42,0,0
1560,472884040,4,0,0,0,0,0,0,0,0,0,0,0,0,0,0,0,21,3,0
1561,709326069,2,0,0,0,0,0,0,0,0,0,0,0,0,0,0,0,10,4,0
1562,1418652151,1,0,0,0,0,0,3,0,0,0,0,0,0,0,0,0,5,2,0
1563,2837304314,0,0,0,0,0,0,4,0,0,0,0,0,0,0,0,0,2,1,0
1564,5674608640,0,0,0,0,0,0,5,0,0,0,0,0,0,0,0,0,1,0,0
1565,5674608646,0,0,0,0,0,0,2,0,0,0,0,0,0,0,0,0,0,0,0
1566,2837304326,0,0,0,0,0,0,1,0,0,0,0,0,0,0,0,0,0,0,0
1567,1418652163,0,3,0,0,0,0,0,0,0,0,0,3,0,0,0,0,0,0,0
1568,709326081,0,4,0,0,0,0,0,0,0,0,0,4,0,0,0,0,0,0,0
1569,354663040,0,5,0,0,0,0,0,0,0,0,0,5,0,0,0,0,0,0,0
1570,177331520,0,5,0,0,0,0,0,0,0,0,0,5,0,0,0,0,0,0,0
1571,88665760,0,2,0,0,0,0,0,0,0,0,0,2,0,0,0,3,6,0,0
1572,44332880,0,4,0,0,0,0,0,0,0,0,0,1,0,0,0,4,12,0,0
1573,44332886,0,2,0,0,0,0,0,0,0,0,0,0,0,0,0,2,6,0,0
1574,44332892,0,4,0,0,0,0,0,0,0,0,0,0,0,0,0,1,6,0,0
1575,22166446,6,15,0,0,0,0,0,0,0,0,0,0,0,0,0,3,3,0,0
1576,11083223,18,7,0,0,0,0,0,0,0,0,0,3,0,0,0,1,1,0,0
1577,33249687,9,3,0,0,0,0,0,0,0,0,0,1,0,0,0,0,0,3,0
1578,49874539,4,1,0,0,0,0,0,0,0,0,0,0,0,0,0,0,0,1,0
1579,74811818,2,0,0,0,0,0,0,0,0,0,0,0,0,0,0,3,0,0,0
1580,74811824,1,0,0,0,0,0,3,0,0,0,0,0,0,0,0,1,0,3,0
1581,37405915,0,0,0,0,0,0,1,0,0,0,0,0,0,0,0,0,0,1,0
1582,18702960,0,0,0,0,0,0,0,0,0,0,0,0,0,0,0,0,0,0,0
1583,28054449,0,0,0,0,0,0,0,0,0,0,0,0,0,0,0,0,0,0,0
1584,28054455,0,0,0,0,0,0,0,0,0,0,0,0,0,0,0,0,0,0,0
1585,28054461,0,0,0,0,0,0,0,0,0,0,0,0,0,0,0,0,0,0,0
1586,42081701,0,0,0,0,0,0,0,0,0,0,0,0,0,0,0,0,0,0,0
1587,84163415,0,0,0,0,0,0,0,0,0,0,0,0,0,0,0,0,0,0,0
1588,126245132,0,0,0,0,0,0,0,0,0,0,0,0,0,0,0,0,0,3,0
1589,189367707,0,0,0,0,0,0,0,0,0,0,0,0,0,0,0,0,0,4,0
1590,94683856,0,0,0,0,0,0,0,0,0,0,0,0,0,0,0,0,0,5,0
1591,47341931,0,0,0,0,0,0,0,0,0,0,0,0,0,0,0,0,0,5,0
1592,94683874,0,3,0,0,0,0,0,0,0,0,0,0,0,0,0,0,0,5,0
1593,189367761,0,4,0,0,0,0,0,0,0,0,0,0,0,0,0,0,0,5,0
1594,189367767,0,5,0,0,0,0,0,6,0,3,0,0,3,0,0,0,0,2,0
1595,284051660,0,5,0,0,0,0,0,12,0,4,0,0,4,0,0,0,0,1,0
1596,426077500,0,2,0,0,0,0,3,6,0,2,0,0,2,0,0,0,0,0,0
1597,213038753,0,1,0,0,0,0,1,3,0,1,0,0,1,0,0,0,0,0,0
1598,106519376,0,0,0,0,0,0,0,1,0,0,0,0,0,0,0,0,0,0,0
1599,53259688,0,3,0,0,0,0,0,0,0,0,0,0,0,0,0,0,0,0,0
1600,26629844,0,1,0,0,0,0,0,0,0,3,0,0,0,0,0,3,0,0,0
1601,13314925,0,3,0,0,0,0,0,0,0,1,0,0,0,0,0,1,0,3,0
1602,6657465,0,1,0,0,0,0,0,0,0,0,0,0,0,0,0,0,0,1,0
1603,3328732,0,0,0,0,0,0,0,0,0,0,0,0,0,0,0,0,0,0,0
1604,1664366,0,0,0,0,0,0,0,0,0,0,0,0,0,0,0,0,0,0,0
1605,832183,0,0,0,0,0,0,0,0,0,0,0,0,0,0,0,0,0,0,0
1606,416091,0,0,0,0,0,0,0,0,0,0,0,0,0,0,0,0,0,0,0
1607,208045,0,0,0,0,0,0,0,0,0,0,0,0,0,0,0,0,0,0,0
1608,104022,0,0,0,0,0,0,0,0,0,0,0,0,0,0,0,0,0,0,0
1609,52011,0,0,0,0,0,0,0,0,0,0,0,0,0,0,0,0,0,0,0
1610,26008,0,0,0,0,0,0,0,0,0,0,0,0,0,0,0,0,0,0,0
1611,13007,0,0,0,0,0,0,0,0,0,0,0,0,0,0,0,0,0,0,0
1612,6503,0,0,0,0,0,0,0,0,0,0,0,3,0,0,0,0,0,0,0
1613,3251,0,0,0,0,0,0,0,0,0,3,0,1,3,0,0,0,0,0,0
1614,1628,0,0,0,0,0,0,0,3,0,1,0,0,1,0,0,0,0,0,0
1615,814,0,0,0,0,0,0,0,1,0,0,0,0,0,0,0,0,0,0,0
1616,410,0,3,0,0,0,0,0,0,0,0,0,0,0,0,3,0,0,0,0
1617,205,0,1,0,0,0,0,0,0,0,0,0,0,0,3,1,0,0,0,0
1618,105,0,3,0,0,0,0,0,0,0,0,0,0,0,1,0,0,0,0,0
1619,52,0,1,0,0,0,0,0,0,0,0,0,0,0,0,0,0,0,0,0
1620,26,0,0,0,0,0,0,0,0,0,0,0,0,3,0,0,0,0,0,0
1621,13,0,0,0,0,0,0,0,0,0,0,0,0,4,0,0,0,0,0,0
1622,6,0,0,0,0,0,0,0,0,0,0,0,0,2,0,0,0,0,3,0
1623,3,0,0,0,0,0,0,0,0,0,0,0,0,8,0,0,0,0,1,0
1624,1,0,0,0,0,0,0,0,0,0,0,0,0,4,0,0,0,0,3,0
1625,3,0,0,0,0,0,0,0,0,6,0,0,0,2,0,0,0,0,1,0
1626,1,0,0,0,0,0,0,0,0,3,0,0,0,1,0,0,0,0,0,0
1627,0,0,0,0,0,0,0,0,0,9,0,0,0,3,0,0,0,0,0,0
1628,0,0,3,0,0,0,0,0,0,4,0,0,0,1,0,0,0,0,0,0
1629,3,0,4,0,0,0,0,0,0,2,0,0,0,0,0,0,0,0,0,0
1630,4,0,5,0,0,0,0,0,0,1,0,0,0,0,0,0,0,0,0,0
1631,2,0,2,0,0,0,0,0,0,0,0,3,0,0,0,0,0,0,0,0
1632,1,0,1,0,0,0,0,0,0,0,0,1,0,0,0,0,0,0,0,0
1633,0,0,0,0,0,0,0,0,0,0,0,0,0,0,0,0,0,0,0,0
1634,0,0,0,0,0,0,0,0,0,0,0,0,0,3,0,0,0,0,0,0
1635,3,0,0,0,0,0,0,0,0,0,0,0,0,1,0,0,0,0,0,0
1636,1,0,0,0,0,0,0,0,0,0,0,0,0,0,0,0,0,0,0,0
1637,0,0,0,0,0,3,0,0,0,0,0,0,0,0,0,0,0,0,0,0
1638,0,0,3,0,0,1,0,0,0,0,0,3,0,0,0,0,0,0,0,0
1639,3,3,1,0,0,0,0,0,0,0,0,1,0,0,0,0,0,0,0,0
1640,4,1,0,0,0,0,0,0,0,0,0,0,0,0,0,0,3,0,0,0
1641,5,0,0,0,0,0,0,0,0,0,0,0,0,0,0,0,4,0,0,0
1642,5,0,0,0,0,0,0,0,0,0,0,0,0,0,0,0,2,0,0,0
1643,11,0,3,0,0,0,0,0,0,0,0,0,0,0,0,0,1,0,0,0
1644,5,0,1,0,0,0,0,0,0,0,0,0,0,0,0,0,0,0,0,3
1645,2,0,0,0,0,0,0,0,0,0,0,0,0,0,0,0,0,3,0,1
1646,4,0,0,0,0,3,0,0,0,0,0,0,0,0,0,0,0,1,0,0
1647,2,0,3,0,0,1,0,0,0,0,0,3,0,3,0,0,0,7,0,0
1648,1,0,4,0,0,0,0,0,0,0,0,4,0,4,0,0,0,13,0,0
1649,0,0,5,0,0,0,0,0,0,0,0,5,0,2,0,0,0,19,0,0
1650,3,0,5,0,0,0,0,0,0,0,0,2,0,8,0,0,0,9,0,0
1651,4,0,5,0,0,0,0,0,0,0,0,1,0,14,0,0,0,4,0,0
1652,5,0,2,0,0,0,0,0,0,0,0,0,0,20,0,0,0,2,0,0
1653,2,3,1,0,0,0,0,0,0,0,0,0,3,10,0,0,0,12,0,0
1654,12,1,3,0,0,0,0,3,0,0,0,0,1,5,0,0,0,9,0,0
1655,28,0,4,0,0,0,0,4,3,0,0,0,0,2,0,0,0,7,0,0
1656,17,0,2,0,0,0,0,2,1,0,3,0,0,1,0,0,0,3,3,0
1657,23,0,1,0,0,0,0,1,0,0,1,0,0,0,0,0,0,1,1,0
1658,11,0,0,0,0,0,0,0,0,0,0,0,0,0,0,0,0,0,0,0
1659,5,0,0,0,0,0,0,0,0,0,0,0,0,0,0,0,0,3,0,0
1660,2,0,0,0,0,0,0,0,0,0,0,0,0,0,0,0,0,1,0,0
1661,8,0,0,0,0,0,0,0,0,0,0,0,0,0,0,0,0,0,0,0
1662,7,0,0,0,0,0,0,0,0,0,0,0,0,6,0,0,0,0,0,0
1663,13,0,0,0,0,0,0,0,0,0,0,0,0,12,0,0,0,0,0,0
1664,19,0,0,0,0,0,0,0,0,0,0,0,0,9,0,0,0,0,0,0
1665,25,0,0,0,0,0,0,0,0,0,0,0,0,7,0,0,0,0,0,0
1666,12,0,0,0,0,0,0,0,0,0,0,0,0,20,0,0,0,0,0,0
1667,6,0,0,0,0,0,0,0,0,0,0,0,0,39,0,0,0,0,0,0
1668,3,0,0,0,0,0,0,0,0,0,0,0,0,68,0,0,0,0,0,0
1669,4,0,0,0,0,0,0,0,0,0,0,0,0,74,0,0,0,0,0,0
1670,10,0,0,0,0,0,0,0,3,0,0,0,0,80,0,0,0,0,3,0
1671,8,0,0,0,0,0,0,0,4,0,0,0,0,86,0,0,0,0,4,0
1672,14,0,0,0,0,0,0,0,5,0,0,0,0,43,0,0,0,0,5,0
1673,81,0,0,0,0,0,0,0,2,0,0,0,0,73,0,0,0,0,2,0
1674,43,0,0,0,0,0,0,0,1,0,0,0,0,36,0,0,0,0,1,0
1675,21,0,0,0,0,0,0,0,0,0,0,0,0,18,0,0,0,0,0,0
1676,10,0,0,0,0,0,0,0,0,0,0,0,0,9,0,0,0,0,0,0
1677,25,0,3,0,0,0,0,0,0,0,0,0,0,4,0,0,0,0,0,3
1678,47,0,4,0,0,0,0,0,0,0,0,0,0,2,0,0,0,0,0,4
1679,79,0,2,0,0,0,0,0,0,0,0,0,0,12,0,0,0,0,0,2
1680,128,0,1,0,0,0,0,0,0,0,0,0,0,36,0,0,0,0,0,1
1681,201,3,0,0,0,0,0,0,0,0,0,0,0,21,0,0,0,0,0,0
1682,207,4,0,0,0,0,0,0,0,0,0,0,0,13,0,0,0,0,0,0
1683,106,5,0,0,0,0,0,0,0,0,0,3,0,6,0,0,0,0,0,0
1684,112,11,0,0,0,0,0,0,0,3,0,4,0,3,0,0,0,0,0,0
1685,178,8,0,0,0,0,0,0,0,4,0,5,0,1,0,0,0,0,0,0
1686,184,4,0,0,0,0,0,0,3,2,0,5,0,15,0,0,0,0,0,0
1687,190,2,0,0,0,0,0,0,4,1,0,5,0,42,0,0,0,0,0,0
1688,196,1,0,0,0,0,0,0,5,0,0,5,0,97,0,0,0,0,0,0
1689,98,0,0,0,0,0,0,0,2,0,0,2,0,48,0,0,0,0,0,0
1690,52,0,0,0,0,0,0,0,1,0,0,1,0,24,0,0,0,0,0,0
1691,29,0,0,0,0,0,0,0,0,0,0,0,0,12,0,0,0,0,0,0
1692,17,0,0,0,0,0,0,0,0,0,0,0,0,6,0,0,0,0,0,0
1693,47,0,0,0,0,0,0,0,0,0,0,0,0,3,0,0,0,0,0,0
1694,106,0,0,0,0,0,0,0,0,0,0,0,0,1,0,0,0,0,0,3
1695,168,0,0,0,0,0,0,0,0,0,0,0,0,0,0,0,0,0,0,1
1696,261,0,0,0,0,15,0,0,0,0,0,0,0,0,0,0,0,0,0,0
1697,400,0,3,0,0,63,0,0,0,0,0,0,0,0,0,0,0,0,0,0
1698,609,0,4,0,0,207,0,0,0,0,0,0,0,3,0,0,0,0,0,0
1699,615,0,5,0,0,103,0,0,0,0,0,0,3,4,0,0,0,0,0,0
1700,621,0,2,0,0,51,0,0,0,0,0,0,4,5,0,0,0,0,0,0
1701,313,0,1,0,0,25,0,0,0,0,0,0,5,2,0,0,0,0,0,0
1702,156,0,0,0,0,12,0,0,0,0,0,0,2,8,0,0,0,3,0,9
1703,81,0,0,0,0,6,0,0,0,0,0,0,1,21,0,0,0,4,0,22
1704,43,0,3,0,0,3,0,0,0,0,0,0,0,41,0,0,0,5,0,42
1705,24,0,4,0,0,1,0,0,0,0,0,0,0,71,0,0,0,5,0,73
1706,46,0,2,0,0,0,0,3,0,0,0,0,0,35,0,0,0,2,0,36
1707,26,0,1,0,0,0,0,1,0,0,0,0,0,17,0,0,0,1,0,18
1708,32,0,0,0,0,0,0,0,0,0,0,0,0,8,0,0,0,0,0,9
1709,57,0,0,0,0,0,0,0,0,0,0,0,0,4,0,0,0,0,0,4
1710,31,0,0,0,0,0,0,0,0,0,0,0,0,2,0,0,0,0,0,2
1711,15,0,0,0,0,0,0,0,0,0,0,0,0,1,0,0,0,0,0,1
1712,10,0,0,0,0,0,0,0,0,0,0,0,0,0,0,0,0,0,0,0
1713,5,0,0,0,0,0,0,0,0,0,0,0,0,0,0,0,0,0,0,0
1714,11,0,0,0,0,0,0,0,0,0,0,3,0,0,0,0,0,0,0,0
1715,17,0,0,0,0,0,0,0,0,0,0,4,0,0,0,0,0,0,0,0
1716,8,0,0,0,0,0,0,0,0,0,0,2,0,0,0,0,0,0,0,0
1717,4,0,0,0,0,0,0,0,0,0,0,1,0,0,0,0,0,0,3,0
1718,15,0,0,0,0,0,0,0,3,0,0,0,0,0,3,0,0,0,1,0
1719,10,3,0,0,0,0,0,0,4,0,0,0,0,0,4,0,0,0,0,0
1720,8,4,0,0,0,0,0,0,5,0,0,0,0,0,5,0,6,0,0,0
1721,7,2,0,0,0,0,0,0,2,0,0,0,3,0,2,0,3,0,0,0
1722,13,4,0,0,0,0,0,0,1,0,0,0,1,0,1,0,1,0,0,0
1723,19,5,0,0,0,0,0,0,0,0,0,0,0,0,0,0,0,0,0,0
1724,12,5,0,0,0,0,0,0,0,0,0,0,0,0,0,0,0,0,0,0
1725,9,2,3,0,0,0,0,0,0,0,0,0,0,0,0,0,3,0,0,0
1726,22,1,4,0,0,0,0,0,0,0,0,0,0,0,3,0,4,0,0,0
1727,43,0,5,0,0,0,0,0,6,0,0,0,3,0,1,0,2,0,0,0
1728,49,3,2,0,0,0,0,0,3,0,0,0,1,0,0,0,1,0,0,0
1729,55,4,1,0,0,0,0,0,1,0,0,0,0,0,0,0,0,0,0,0
1730,30,2,0,0,0,0,0,0,0,0,0,0,0,6,3,0,6,0,0,0
1731,73,1,0,0,0,0,0,0,0,0,0,0,0,3,1,0,6,0,0,0
1732,238,0,0,0,0,0,0,0,3,0,0,0,0,1,0,0,3,0,0,0
1733,854,0,0,0,0,0,0,0,9,0,0,0,0,0,0,0,1,0,0,0
1734,860,0,0,0,0,0,0,0,7,0,0,0,0,0,0,0,3,0,0,0
1735,433,0,3,0,0,0,0,0,3,0,0,0,0,0,3,0,1,0,0,0
1736,219,0,1,0,0,0,0,0,9,0,0,0,0,0,1,0,0,0,0,0
1737,112,0,0,0,0,0,0,0,23,0,0,0,0,0,0,0,0,0,0,0
1738,118,0,0,0,0,0,0,0,59,0,0,0,0,0,0,0,0,0,0,0
1739,124,0,0,0,0,0,0,0,130,0,0,0,0,0,0,0,0,0,0,0
1740,130,0,0,0,0,0,0,0,136,0,0,0,0,0,0,0,0,0,0,0
1741,68,0,0,0,0,0,0,0,68,0,0,0,0,0,0,0,0,0,0,0
1742,37,0,0,6,0,0,0,0,34,0,3,0,0,0,0,0,0,0,0,0
1743,21,0,0,12,0,0,0,0,17,0,4,0,0,0,0,0,0,0,0,0
1744,13,0,0,18,0,0,0,0,8,0,5,0,0,0,0,0,0,0,0,0
1745,6,0,0,12,0,0,0,0,4,0,2,0,0,0,0,0,0,0,0,0
1746,12,0,0,9,0,0,0,0,2,0,4,0,0,0,0,0,0,0,0,0
1747,9,0,3,4,0,0,0,0,1,0,2,0,0,0,0,0,0,0,0,0
1748,4,0,1,2,0,0,0,0,0,0,4,0,0,0,0,0,0,0,3,0
1749,5,0,0,1,0,0,0,3,0,0,5,3,0,0,0,0,0,0,9,0
1750,5,0,0,0,0,0,0,4,0,0,2,4,0,0,0,0,0,0,7,0
1751,2,0,0,0,0,0,0,2,0,0,1,2,0,0,0,0,0,3,6,0
1752,4,0,0,0,0,0,0,1,0,0,0,1,0,0,0,0,0,1,3,0
1753,2,3,0,0,0,0,0,0,0,0,0,0,0,0,0,0,0,0,1,0
1754,4,4,0,0,0,0,0,0,0,0,0,0,0,0,0,0,0,0,3,0
1755,5,5,0,0,0,0,0,0,0,0,0,0,0,0,0,0,0,0,4,0
1756,5,2,3,0,0,0,0,0,0,0,0,0,3,0,0,0,0,0,5,0
1757,5,1,4,0,0,0,0,0,0,0,0,0,4,0,0,0,0,0,5,0
1758,23,0,2,0,0,0,0,0,0,0,0,0,2,0,0,0,0,0,2,0
1759,59,0,1,0,0,0,0,0,0,0,0,0,1,0,0,0,0,0,1,0
1760,29,0,0,0,0,0,0,0,0,0,0,0,0,0,0,0,0,0,0,0
1761,14,0,0,0,0,0,0,0,0,0,0,0,0,3,0,0,0,0,0,0
1762,20,3,3,0,0,0,0,3,0,0,0,0,3,4,0,0,0,0,3,0
1763,26,1,4,0,0,0,0,1,0,0,0,0,1,2,0,0,0,0,4,0
1764,13,0,2,0,0,0,0,0,0,0,0,0,0,1,0,0,0,0,2,0
1765,6,0,1,0,0,0,0,0,0,0,0,0,0,0,0,0,0,0,1,0
1766,3,0,0,0,0,0,0,0,0,0,0,0,0,0,0,0,0,0,0,0
1767,4,0,0,0,0,0,0,0,0,3,0,0,0,0,0,0,0,0,3,0
1768,2,0,0,0,0,0,0,0,0,1,0,0,0,0,0,0,0,0,1,0
1769,8,0,0,0,0,0,0,3,6,0,0,0,0,0,0,0,0,0,0,0
1770,14,0,0,0,0,0,0,4,12,0,0,0,0,0,0,0,0,0,0,0
1771,20,0,0,0,0,0,0,5,9,0,0,0,0,0,0,0,0,0,0,0
1772,52,0,3,0,0,0,0,2,4,0,0,0,0,0,0,0,0,0,0,0
1773,146,0,1,0,0,0,0,1,2,0,0,0,0,0,0,0,0,0,0,0
1774,229,0,0,0,0,0,0,0,1,0,0,0,0,0,0,0,0,0,0,0
1775,587,0,0,0,0,0,0,3,0,0,3,0,0,0,0,0,0,0,12,0
1776,1187,0,0,0,0,0,0,4,0,0,1,0,0,0,0,0,0,0,27,0
1777,1789,0,0,0,0,0,0,2,6,0,0,0,0,0,0,0,0,0,13,0
1778,2693,0,0,0,0,0,0,1,12,0,0,0,0,0,0,0,0,0,6,0
1779,5399,0,0,0,0,0,0,0,9,0,0,0,0,0,0,0,0,0,3,0
1780,10810,0,3,0,0,0,0,0,4,0,0,0,0,0,0,0,0,0,1,0
1781,10816,0,4,0,0,0,0,0,5,0,0,0,3,0,0,0,0,0,0,0
1782,21644,0,2,0,0,0,0,0,2,0,0,0,1,0,0,0,0,0,3,0
1783,10825,0,4,0,0,0,0,0,1,0,3,0,3,0,0,0,0,3,4,0
1784,10831,0,2,0,0,0,0,0,0,0,1,0,1,0,0,0,0,1,5,0
1785,5415,0,1,0,0,0,0,0,0,0,0,0,0,0,0,0,0,0,2,0
1786,2710,0,0,0,0,0,0,0,0,0,3,0,0,0,0,0,3,0,4,0
1787,4075,0,0,0,0,0,0,0,0,0,1,0,0,0,0,0,1,0,2,0
1788,2037,0,0,0,0,0,0,0,0,0,0,9,0,0,0,0,0,0,1,0
1789,1018,0,0,0,0,0,0,0,0,0,0,22,0,0,0,0,0,0,0,0
1790,512,0,0,0,0,0,0,3,0,0,0,11,0,0,0,0,0,0,0,0
1791,777,0,0,0,0,0,0,1,0,3,0,5,3,0,0,0,0,0,3,0
1792,783,0,0,0,0,0,0,0,0,4,0,2,4,0,0,0,0,0,4,0
1793,391,0,0,0,0,0,0,0,0,2,0,1,2,0,0,0,0,0,2,0
1794,195,0,0,0,0,0,0,0,0,1,0,0,1,0,0,0,0,0,1,0
1795,201,0,0,0,0,0,0,0,0,0,0,0,3,0,0,0,0,0,7,0
1796,207,0,0,0,0,0,0,0,0,0,0,0,4,0,0,0,0,0,6,0
1797,106,0,0,0,0,0,0,0,0,0,0,0,2,0,0,0,0,0,6,0
1798,56,0,0,0,0,0,3,0,0,0,3,0,1,0,0,0,0,0,3,0
1799,31,0,0,0,0,0,4,0,0,0,9,0,0,0,0,0,0,0,1,0
1800,15,0,0,0,0,0,2,0,0,0,4,0,0,0,0,0,0,0,0,0
1801,7,0,0,0,0,0,1,0,0,0,2,0,0,0,0,0,0,0,0,0
1802,3,0,0,0,0,0,0,0,0,0,1,0,0,3,0,0,0,3,0,0
1803,1,0,0,0,0,0,0,0,0,0,0,0,0,4,0,0,0,1,0,0
1804,0,0,0,0,0,0,0,0,0,0,3,0,0,2,0,0,0,0,0,0
1805,10,0,0,0,0,0,0,0,0,0,1,0,0,1,0,0,0,0,3,0
1806,5,3,0,0,0,0,0,0,0,0,3,0,0,0,0,0,0,0,1,0
1807,2,1,0,0,0,0,0,0,0,0,1,0,0,0,0,0,0,0,0,0
1808,1,0,0,0,0,0,0,0,0,0,0,0,0,0,0,0,0,0,0,0
1809,0,0,0,0,0,0,0,0,0,0,0,0,0,0,0,0,0,0,3,0
1810,3,0,0,0,0,0,6,0,0,0,0,0,0,0,0,0,0,0,4,0
1811,9,0,0,0,0,0,6,0,0,0,0,0,0,0,0,0,0,0,5,0
1812,4,0,0,0,0,0,3,0,0,0,0,0,0,0,0,0,0,0,5,0
1813,2,0,3,0,0,0,1,0,0,0,0,0,0,0,0,0,0,0,5,0
1814,1,0,4,0,0,0,0,0,0,0,0,0,0,0,0,0,0,0,2,0
1815,7,0,2,0,0,0,0,0,0,0,0,0,3,0,0,0,0,3,1,0
1816,6,0,1,0,0,0,0,0,0,0,0,0,1,0,0,0,0,1,3,0
1817,18,0,0,0,0,0,0,0,0,0,0,0,0,0,0,0,0,0,4,0
1818,37,0,0,0,0,0,0,3,0,0,0,0,0,0,0,0,0,0,10,0
1819,64,0,0,0,0,0,0,4,0,0,3,0,0,0,0,0,0,0,8,0
1820,106,0,0,0,0,0,0,5,0,0,4,0,0,0,0,0,0,0,7,0
1821,112,0,0,0,0,0,0,5,0,0,10,0,0,0,0,0,0,0,6,0
1822,59,3,0,0,0,0,0,2,0,0,5,0,0,3,0,0,0,0,3,3
1823,32,1,0,0,0,0,0,1,0,0,2,0,0,1,0,0,0,0,1,1
1824,19,0,0,0,0,0,0,0,3,0,1,0,0,0,0,0,0,0,0,0
1825,9,0,0,0,0,0,0,0,1,0,0,0,0,0,0,0,0,0,0,0
1826,23,0,0,0,0,0,0,0,0,0,0,0,0,0,0,0,0,0,0,0
1827,14,0,3,0,0,0,0,0,3,0,3,0,3,0,0,0,0,0,0,0
1828,7,0,1,0,0,0,0,0,1,0,1,0,1,0,0,0,0,0,0,0
1829,3,0,3,0,0,0,0,0,0,0,0,0,3,0,0,0,0,0,0,0
1830,1,0,4,0,0,0,0,0,0,6,0,0,4,0,0,0,0,0,0,0
1831,3,0,2,0,0,0,0,3,0,3,3,0,2,0,0,0,0,0,3,0
1832,1,0,1,0,0,0,0,1,0,1,4,0,1,0,0,0,0,0,4,3
1833,0,0,0,0,0,0,0,0,0,0,5,0,0,0,0,0,0,0,10,1
1834,0,0,3,0,0,0,0,0,0,0,5,0,0,0,0,0,0,0,5,0
1835,3,0,1,0,0,0,0,3,0,0,5,0,0,0,0,0,0,0,11,0
1836,13,0,0,0,0,0,0,4,0,0,5,0,3,0,0,0,0,0,17,0
1837,19,0,0,0,0,0,0,10,0,0,2,0,4,0,0,0,0,0,8,0
1838,38,0,0,0,0,0,0,16,0,0,1,0,5,0,0,0,0,0,4,0
1839,44,0,0,0,0,0,0,22,0,0,0,0,2,0,0,0,0,0,2,0
1840,76,0,0,3,0,0,0,28,0,0,0,0,1,0,0,0,0,0,4,0
1841,82,0,0,4,0,0,0,17,0,0,0,0,0,0,0,0,0,0,2,0
1842,88,0,0,2,0,0,0,8,0,0,0,0,0,0,0,0,0,0,8,0
1843,94,0,0,1,0,0,0,4,0,0,3,0,0,0,0,0,0,0,21,0
1844,100,0,0,0,0,0,0,5,0,0,4,0,0,0,0,0,0,0,27,0
1845,53,0,0,0,0,0,0,5,0,0,5,0,0,0,0,0,0,0,16,0
1846,29,0,0,0,0,0,0,5,0,0,5,0,0,0,0,0,0,0,11,0
1847,17,0,0,0,0,0,0,5,0,0,5,0,0,0,0,0,0,0,5,0
1848,11,0,0,0,0,0,0,5,0,0,5,0,0,0,0,0,0,0,2,0
1849,8,0,0,0,0,0,0,2,0,0,2,0,0,0,0,0,0,0,1,0
1850,7,0,6,0,0,0,0,1,0,0,1,0,0,0,0,0,0,0,0,0
1851,33,0,3,0,0,0,0,3,0,0,0,0,0,0,0,0,0,0,6,0
1852,99,0,1,0,0,0,0,4,0,0,0,0,0,0,0,0,0,0,12,0
1853,157,0,0,0,0,0,0,5,0,0,0,0,0,0,0,0,3,0,28,0
1854,78,0,0,0,0,0,0,5,0,0,0,0,0,0,0,0,1,0,17,0
1855,42,0,0,0,0,0,0,11,0,0,0,0,0,0,0,0,0,0,11,0
1856,24,0,0,0,0,0,0,8,0,0,0,0,0,0,0,0,0,0,8,0
1857,15,0,0,0,0,0,0,4,0,0,0,0,0,0,0,0,0,0,14,0
1858,10,0,0,0,0,0,0,2,0,0,0,0,0,0,0,0,0,0,10,0
1859,8,0,0,0,0,0,0,1,0,0,0,0,0,0,0,0,0,0,8,0
1860,7,0,0,0,0,0,0,0,0,0,0,0,0,0,0,0,0,0,4,0
1861,6,0,0,0,0,0,0,0,0,0,0,0,0,0,0,0,0,0,2,0
1862,6,0,0,0,0,0,0,0,0,0,0,0,0,0,0,0,0,0,1,0
1863,6,0,0,0,0,0,0,0,0,0,0,0,0,0,0,0,0,0,0,0
1864,12,0,0,0,0,0,0,0,0,0,0,0,0,0,0,0,0,0,0,0
1865,9,0,0,0,0,0,0,0,0,0,0,0,0,0,0,0,0,0,0,3
1866,4,0,0,0,0,0,0,0,0,0,0,0,0,0,0,0,0,3,0,1
1867,10,0,0,0,0,0,0,0,0,0,0,0,0,0,0,0,0,4,6,0
1868,16,0,0,0,0,0,0,3,0,0,0,0,0,0,0,0,0,2,18,0
1869,22,0,0,0,0,0,0,4,0,0,0,0,0,0,0,0,0,1,36,0
1870,14,0,0,0,0,0,0,5,0,0,0,0,0,0,0,0,0,0,42,0
1871,7,0,0,0,0,0,0,2,0,0,0,0,0,0,0,0,0,0,21,0
1872,3,0,0,0,0,0,0,1,0,0,0,0,0,0,0,0,0,0,10,0
1873,4,0,0,0,0,0,0,0,0,0,0,0,0,0,0,0,0,0,5,0
1874,2,0,0,0,0,0,0,0,0,3,0,0,0,0,0,0,0,0,2,0
1875,1,0,0,0,0,0,0,0,0,4,0,0,0,0,0,0,0,0,1,0
1876,0,0,0,0,0,0,0,0,0,5,0,0,0,0,0,0,0,0,3,0
1877,0,0,0,0,0,0,0,0,0,5,0,0,0,0,0,3,0,0,4,0
1878,0,0,0,0,0,0,0,0,0,5,0,0,0,0,0,4,0,0,5,0
1879,0,0,0,0,0,0,0,0,0,5,0,0,0,0,0,5,0,0,5,0
1880,0,0,0,0,0,0,0,0,0,5,0,0,0,0,0,5,0,0,5,0
1881,0,0,3,0,0,0,0,0,0,5,0,0,0,0,0,5,0,0,5,0
1882,0,0,4,0,0,0,0,0,0,2,0,0,6,3,0,2,0,0,2,0
1883,0,0,5,0,0,0,0,0,0,1,0,0,12,4,0,1,0,0,1,0
1884,0,0,5,0,0,0,0,0,0,0,0,0,27,5,0,0,0,0,3,0
1885,3,0,2,0,0,0,0,0,0,0,0,0,49,5,0,0,0,0,4,0
1886,4,0,1,0,0,0,0,0,0,0,0,0,55,2,0,0,0,0,5,0
1887,5,0,0,0,0,0,0,0,0,0,0,0,30,1,0,0,0,0,5,0
1888,5,0,0,0,0,0,0,0,0,0,0,0,18,0,0,0,0,0,5,0
1889,5,0,0,0,0,0,0,0,0,0,0,0,9,0,0,0,0,0,5,0
1890,2,0,0,0,0,0,0,0,0,0,0,0,4,0,0,0,0,0,2,0
1891,1,0,0,0,0,0,0,0,0,0,0,0,2,0,0,0,0,0,1,0
1892,0,0,0,0,0,0,0,0,0,0,0,0,1,0,0,0,0,0,0,0
1893,0,0,0,0,0,0,0,0,0,0,0,0,0,0,0,0,0,0,0,0
1894,0,0,0,0,0,0,0,0,0,0,0,0,0,0,0,0,0,0,0,0
1895,0,0,0,0,0,0,0,0,0,0,0,0,0,0,0,0,0,0,0,0
1896,3,0,0,0,0,0,0,0,0,0,0,0,0,0,0,0,0,0,3,0
1897,1,0,0,0,0,0,0,3,0,0,3,0,0,0,0,0,0,3,1,0
1898,0,3,0,0,0,0,0,1,0,0,1,0,0,0,0,0,0,4,0,0
1899,13,1,0,0,0,0,0,0,0,0,0,0,0,0,0,0,0,2,0,0
1900,9,0,0,0,0,0,0,0,0,0,0,0,0,0,0,0,0,1,0,0
1901,15,0,0,0,0,0,0,0,0,0,0,0,0,3,0,0,0,0,3,0
1902,10,0,0,0,0,0,0,0,0,0,0,0,0,4,0,0,0,0,4,0
1903,5,0,0,0,0,0,0,0,0,0,0,0,0,2,0,0,0,0,2,0
1904,2,0,0,0,0,0,0,0,0,0,0,0,3,1,0,0,0,0,1,0
1905,1,0,0,0,0,0,0,0,0,0,0,0,4,0,0,0,0,0,3,0
1906,0,0,0,0,0,0,0,0,0,0,0,0,5,0,0,0,0,0,9,0
1907,0,0,0,0,0,0,0,0,0,0,0,0,5,0,0,0,0,0,15,0
1908,0,0,0,0,0,0,0,0,0,0,0,0,5,0,0,0,0,0,21,0
1909,0,0,0,0,0,0,0,0,0,0,0,0,2,0,0,0,0,0,13,0
1910,0,0,0,0,0,0,0,0,0,0,0,0,1,0,0,0,0,0,6,0
1911,0,0,0,0,0,0,0,0,0,0,0,0,0,0,0,0,0,0,3,0
1912,0,0,0,0,0,0,0,0,0,0,0,0,0,0,0,0,0,0,1,0
1913,0,0,0,0,0,0,0,0,0,0,0,0,0,0,0,0,0,0,0,0
1914,0,0,0,0,0,0,0,0,0,0,0,9,0,0,0,0,0,0,3,0
1915,0,0,0,0,0,0,0,0,0,0,0,4,0,0,0,0,0,0,1,0
1916,0,0,0,0,0,0,0,0,0,0,0,2,0,0,0,0,0,0,0,0
1917,0,0,0,0,0,0,0,0,0,0,0,1,0,0,0,0,0,0,0,0
1918,3,0,0,0,0,0,0,0,0,0,0,0,3,0,0,0,0,0,0,0
1919,1,0,0,0,0,0,0,0,0,0,0,0,1,0,0,0,0,0,0,0
1920,0,3,0,0,0,0,0,0,0,0,0,0,0,0,0,0,0,0,0,0
1921,0,1,0,0,0,0,0,0,0,0,0,0,0,0,0,0,3,0,0,0
1922,6,0,0,6,0,0,0,0,0,0,0,0,0,0,0,0,1,0,0,0
1923,6,0,0,6,0,0,0,0,0,0,0,0,0,0,0,0,0,0,0,0
1924,6,0,0,3,0,0,0,0,0,0,3,0,0,0,0,0,0,0,3,0
1925,12,0,0,1,0,0,0,0,0,0,4,0,0,0,0,0,0,0,4,0
1926,27,0,0,0,0,0,0,0,0,0,2,0,0,0,0,0,0,0,2,0
1927,33,0,0,0,0,0,0,0,0,0,1,0,0,0,0,0,0,0,4,0
1928,39,0,0,0,0,0,0,0,0,0,0,0,0,0,0,0,0,0,5,0
1929,19,0,0,0,0,0,0,0,0,0,0,0,0,0,0,0,0,0,2,0
1930,9,0,0,0,0,0,0,0,0,0,0,0,0,0,0,0,0,0,1,0
1931,7,0,0,0,0,0,0,0,0,0,0,0,3,0,0,0,0,0,0,0
1932,3,0,0,0,0,0,0,3,3,0,0,0,1,0,0,0,0,0,0,0
1933,1,0,0,0,0,0,0,1,1,0,0,0,0,0,0,0,0,0,0,0
1934,0,0,0,0,0,0,0,0,0,0,0,0,0,0,0,0,0,0,0,0
1935,0,0,0,0,0,0,0,0,0,0,0,0,0,0,0,0,0,0,0,0
1936,0,0,0,0,0,3,0,0,0,3,0,0,0,0,0,0,0,0,0,0
1937,0,0,0,0,0,4,0,0,0,1,0,0,0,0,0,0,0,0,0,0
1938,0,0,0,0,0,2,0,0,0,0,0,0,0,0,0,0,0,0,0,0
1939,6,0,0,0,0,1,0,0,0,0,0,0,3,0,0,0,0,0,0,0
1940,3,0,0,0,0,3,0,0,0,0,0,0,1,0,0,0,0,0,0,0
1941,1,0,0,0,0,4,0,0,0,0,0,0,0,0,0,0,0,0,0,0
1942,0,0,0,0,0,2,0,0,0,3,0,0,3,0,0,0,0,0,3,0
1943,0,0,0,0,0,1,0,0,0,9,0,0,1,0,0,0,0,0,1,0
1944,0,0,0,0,0,0,0,0,0,7,0,0,0,0,0,0,0,0,0,0
1945,0,0,0,0,0,6,0,0,0,3,0,0,0,0,0,0,0,0,0,0
1946,0,0,0,0,0,12,0,0,0,1,0,0,0,0,0,0,0,0,0,0
1947,3,0,0,0,0,6,0,0,0,0,0,0,3,0,0,0,0,0,0,0
1948,18,0,0,0,0,3,0,0,0,0,0,0,1,0,0,0,0,0,0,0
1949,48,0,0,0,0,1,0,0,0,0,0,0,0,0,0,0,0,0,0,0
1950,24,0,0,0,0,0,0,0,0,0,0,0,0,0,0,0,0,0,0,3
1951,15,0,0,0,0,0,0,0,0,0,0,0,3,0,0,0,0,0,0,1
1952,10,0,0,0,0,0,0,0,0,0,0,0,1,0,0,0,0,0,0,0
1953,8,0,0,0,0,0,0,0,0,0,0,0,3,0,0,0,0,0,0,0
1954,4,0,0,0,0,0,0,0,0,0,0,0,1,0,0,0,0,9,0,3
1955,5,0,0,0,0,0,0,0,0,0,0,0,3,0,0,0,0,7,0,1
1956,2,0,0,0,0,0,0,0,0,0,0,0,1,0,3,0,0,3,0,0
1957,1,0,0,0,0,0,0,0,0,0,0,0,0,0,13,0,0,9,0,3
1958,3,0,3,0,0,0,0,0,0,0,0,0,0,0,6,0,0,4,0,1
1959,4,0,1,0,0,0,0,0,0,0,0,0,0,0,3,0,0,2,0,0
1960,2,0,0,0,0,0,0,0,0,0,0,0,0,0,1,0,0,8,0,0
1961,1,0,0,0,0,0,0,0,0,0,0,0,0,0,0,0,0,4,0,0
1962,0,0,0,0,0,0,0,0,0,0,0,0,0,0,0,0,0,2,0,3
1963,0,0,0,0,0,0,0,0,0,0,0,0,0,0,0,0,0,1,0,1
1964,0,0,0,0,0,0,0,0,0,0,0,0,0,0,0,0,0,0,0,0
1965,0,0,3,0,0,0,0,0,0,0,0,0,0,0,0,0,0,0,0,0
1966,0,0,1,0,0,0,0,0,0,0,0,0,0,0,0,0,0,0,0,0
1967,0,0,0,0,0,0,0,0,0,0,0,0,0,0,0,0,0,0,0,0
1968,0,6,0,0,0,0,0,0,0,0,0,0,0,0,0,0,0,12,0,0
1969,6,6,0,0,0,0,0,0,0,0,0,0,0,0,0,0,0,6,0,0
1970,3,3,0,0,0,6,0,0,0,0,0,0,0,0,0,0,0,3,0,0
1971,1,1,0,0,0,3,0,0,0,3,0,0,0,0,0,0,0,1,0,0
1972,0,0,0,0,0,1,0,0,0,1,0,0,0,0,0,0,0,0,3,0
1973,0,0,0,0,0,0,0,0,0,0,0,0,0,0,0,0,0,0,4,0
1974,0,0,0,0,0,0,0,3,0,0,0,0,0,0,0,0,0,0,5,0
1975,0,0,3,0,0,0,0,1,0,0,0,0,0,0,0,0,0,0,2,0
1976,0,0,1,0,0,0,0,0,0,0,0,0,0,0,0,0,0,0,1,0
1977,0,0,0,0,0,0,0,0,0,0,0,0,0,0,0,0,0,0,3,0
1978,3,0,3,0,0,0,0,0,0,0,0,0,0,0,0,0,0,0,1,0
1979,9,0,1,0,0,0,0,0,3,0,0,0,0,0,0,0,0,0,0,0
1980,7,0,0,0,0,0,0,0,1,0,0,0,0,3,0,0,0,0,0,0
1981,3,0,0,0,0,0,0,0,0,0,0,0,0,1,0,0,0,3,0,0
1982,1,0,0,0,0,0,0,0,0,0,0,0,0,0,0,0,0,1,0,0
1983,0,0,0,0,0,0,0,0,0,0,0,0,0,0,0,0,0,0,0,0
1984,0,0,0,0,0,0,0,0,0,0,0,0,0,3,0,0,0,0,0,3
1985,0,0,0,0,0,0,0,0,0,0,0,0,0,4,0,0,0,0,0,1
1986,3,0,0,0,0,0,0,0,0,0,0,0,3,2,0,0,0,0,0,0
1987,1,0,0,0,0,0,0,0,0,0,0,0,1,1,0,0,0,0,0,0
1988,0,0,0,0,0,0,0,0,0,0,0,0,0,0,0,0,0,0,0,0
1989,0,0,0,0,0,0,0,0,0,0,0,0,0,0,0,0,0,3,0,0
1990,3,0,0,0,0,0,0,3,0,0,0,0,3,0,0,0,0,1,0,0
1991,4,0,3,0,0,0,0,4,0,0,0,0,1,0,0,0,0,0,0,0
1992,5,0,4,0,0,0,0,5,0,0,0,0,0,0,0,0,0,0,0,0
1993,5,0,5,0,0,0,0,5,0,0,0,0,0,0,0,0,0,0,0,0
1994,5,0,2,0,0,0,0,2,0,0,0,0,0,0,0,0,0,0,0,0
1995,5,0,1,0,0,0,0,1,0,0,0,0,0,0,0,0,0,0,0,0
1996,11,0,0,0,0,0,0,0,0,0,0,0,0,0,0,0,0,0,3,0
1997,5,0,0,0,0,0,0,0,0,0,0,0,0,0,0,0,0,0,1,0
1998,2,0,0,0,0,0,0,0,0,0,0,0,0,0,0,0,0,0,0,0
1999,1,0,0,0,0,0,0,0,0,0,0,0,0,0,0,0,0,0,0,0
2000,0,0,0,0,0,0,0,0,0,0,0,0,0,0,0,0,0,0,0,0
2001,0,0,0,0,0,0,0,0,0,0,0,0,0,0,0,0,0,0,0,0
2002,0,0,3,0,0,0,0,0,0,0,0,0,0,0,0,0,0,0,0,0
2003,6,0,4,0,0,0,0,3,0,0,0,0,0,0,0,0,0,0,0,0
2004,12,0,5,0,0,0,0,4,0,0,0,0,0,0,0,0,0,0,0,0
2005,18,0,5,0,0,0,0,5,0,0,0,0,0,0,0,0,0,0,0,0
2006,24,0,5,0,0,0,0,5,0,0,0,0,0,0,0,0,0,0,0,0
2007,12,0,2,0,0,0,0,2,0,0,0,0,0,0,0,0,0,0,0,0
2008,6,0,1,0,0,0,0,1,0,0,0,0,0,0,0,0,0,0,0,0
2009,3,0,0,0,0,0,0,0,0,0,0,0,0,0,0,0,0,0,0,0
2010,1,0,0,0,0,0,0,0,0,0,0,0,0,0,0,0,0,0,0,0
2011,3,0,0,0,0,0,0,0,0,0,0,0,3,0,0,0,0,0,0,0
2012,4,0,0,0,0,0,0,3,0,0,3,0,1,3,0,0,0,0,0,0
2013,2,0,0,0,0,0,0,1,0,0,1,0,0,4,0,0,0,0,0,0
2014,8,0,3,0,0,0,0,0,0,0,3,0,6,2,0,0,0,0,0,0
2015,4,0,1,0,0,0,0,0,0,0,1,0,3,1,0,0,0,0,0,0
2016,5,0,0,0,0,0,0,0,0,0,0,0,1,0,0,0,0,0,0,0
2017,5,0,0,0,0,0,0,0,0,0,0,0,0,0,0,0,0,0,0,0
2018,2,0,0,0,0,0,0,0,0,0,0,0,0,3,0,0,0,0,0,0
2019,1,0,0,0,0,0,0,0,0,0,0,0,0,1,0,0,0,0,0,0
2020,0,3,0,0,0,0,0,0,0,0,0,0,0,0,0,0,0,0,0,0
2021,0,1,0,0,0,0,0,0,0,0,0,0,3,0,0,0,0,0,0,0
2022,0,0,0,0,0,0,0,0,0,0,0,0,1,0,0,0,0,0,0,0
2023,0,0,0,0,0,0,0,3,0,0,0,0,0,0,0,0,0,0,0,0
2024,0,0,0,0,0,0,0,1,0,0,0,0,0,0,0,0,0,6,0,0
2025,0,0,0,0,0,0,0,0,0,0,0,0,0,0,0,0,0,12,0,0
2026,3,0,0,3,0,0,0,0,0,3,0,0,0,0,0,0,0,6,0,0
2027,1,0,0,1,0,0,0,0,0,1,0,0,0,0,0,0,0,6,0,0
2028,0,0,0,0,0,0,0,0,0,0,0,0,0,0,0,0,0,6,0,3
2029,0,0,0,0,0,0,0,0,0,0,0,0,0,0,0,0,0,6,0,1
2030,0,0,0,0,0,0,0,0,0,0,0,0,3,0,0,0,0,3,0,0
2031,3,0,0,0,0,0,0,0,0,3,0,0,1,0,0,0,0,1,0,0
2032,9,0,0,0,0,0,0,0,0,1,0,0,0,0,0,0,0,0,0,0
2033,7,0,3,0,0,0,0,0,0,0,0,0,3,0,0,0,0,3,0,0
2034,3,0,4,0,0,0,0,0,0,0,0,0,9,0,0,0,0,4,0,0
2035,4,0,5,0,0,0,0,0,0,0,0,0,7,0,0,0,0,5,0,0
2036,5,0,2,0,0,0,0,0,0,0,0,0,6,0,0,0,0,2,0,0
2037,2,3,1,0,0,0,0,0,0,0,0,0,3,3,0,0,0,4,0,0
2038,1,4,0,0,0,0,0,0,0,0,0,0,1,4,0,0,0,5,0,0
2039,0,2,0,0,0,0,0,0,0,0,0,0,0,2,0,0,0,2,3,0
2040,0,1,3,0,0,0,0,0,0,0,0,0,0,1,0,0,0,1,1,0
2041,0,0,1,0,0,0,0,0,0,0,0,0,0,0,0,0,0,0,0,0
2042,3,0,0,0,0,0,0,0,0,0,0,0,0,0,0,0,0,0,0,0
2043,1,0,0,0,0,0,0,0,0,0,0,0,0,0,0,0,0,0,0,0
2044,0,0,0,0,0,0,0,0,0,0,0,0,3,0,0,0,0,0,3,0
2045,3,0,0,0,0,0,3,0,0,0,0,0,1,0,0,0,0,3,4,0
2046,1,0,0,0,0,0,4,0,0,0,0,0,0,0,0,0,0,4,5,0
2047,0,0,0,0,0,0,2,0,0,0,0,0,0,0,0,0,0,2,2,0
2048,0,0,0,0,0,0,1,3,0,0,0,0,0,0,0,0,0,1,1,0
2049,0,0,0,0,0,0,0,4,0,0,0,0,0,0,0,0,0,0,0,0
2050,0,0,0,0,0,0,0,2,0,0,0,0,0,0,0,0,0,0,0,0
2051,0,0,3,0,0,0,0,8,0,0,0,0,0,0,0,0,0,0,0,0
2052,0,0,1,0,0,0,0,4,0,0,0,0,0,0,0,0,0,0,0,0
2053,0,0,0,0,0,0,0,5,0,0,0,0,0,0,0,0,0,0,6,0
2054,0,0,0,0,0,0,0,2,0,0,0,0,0,0,0,0,0,0,3,0
2055,0,0,0,0,0,0,0,1,0,0,0,0,0,0,0,0,3,0,1,0
2056,18,0,0,0,0,0,0,3,0,0,0,0,0,0,0,0,1,0,0,0
2057,60,0,0,0,0,0,0,9,0,0,0,0,0,0,0,0,0,0,3,0
2058,99,0,0,0,0,0,0,7,0,0,0,0,0,3,0,0,0,0,4,0
2059,157,0,0,0,0,0,0,3,0,0,0,0,0,4,0,0,0,0,5,0
2060,327,0,0,0,0,0,0,4,0,0,0,0,0,2,0,0,0,0,2,0
2061,166,0,0,0,0,0,0,2,0,0,0,0,0,1,0,0,0,0,1,0
2062,345,0,0,0,0,0,0,1,0,0,0,0,0,0,0,0,0,0,0,0
2063,172,0,3,0,0,0,0,0,0,0,0,0,0,0,0,0,0,3,0,0
2064,86,0,1,0,0,0,0,3,0,0,0,0,0,0,0,0,0,1,0,0
2065,46,0,0,0,0,0,0,4,0,0,0,0,0,0,0,0,0,0,0,0
2066,26,0,3,0,0,0,0,2,0,0,0,0,6,0,0,0,0,0,0,0
2067,32,3,4,3,0,0,0,8,0,0,0,0,6,0,0,0,0,0,0,0
2068,76,1,5,4,0,0,0,7,0,0,0,0,6,0,0,0,0,0,0,0
2069,123,0,5,2,0,0,0,6,0,0,0,0,6,0,0,0,0,0,0,0
2070,129,0,2,1,0,0,0,12,0,0,0,0,6,0,0,0,0,0,3,0
2071,64,0,1,0,0,0,0,6,0,0,0,0,3,0,0,0,0,0,1,0
2072,32,0,0,0,0,0,0,3,0,0,0,0,1,0,0,0,0,0,0,0
2073,19,0,0,0,0,0,0,1,0,0,0,0,0,0,0,0,0,0,0,0
2074,12,0,0,0,0,0,0,0,0,0,0,0,3,0,0,0,0,0,0,0
2075,9,0,0,0,0,0,0,0,0,0,0,0,4,0,0,0,0,0,0,0
2076,30,0,3,0,0,0,0,0,0,0,0,0,2,0,0,0,0,3,0,0
2077,73,0,4,0,0,0,0,0,0,0,0,0,1,0,0,0,0,4,0,0
2078,36,0,2,0,0,0,0,0,0,0,0,0,0,0,0,0,0,2,0,0