hit,kapital,bildet,neu,variabl,taglich,absolut,produktiv,gesellschaft,angewandt,gleich,industriell,fall,angeeignet,verausgabt,einzig,ganz,verzehrt,einzeln,worin,jahrlich
1,3,0,0,0,0,0,0,0,0,3,0,0,0,0,0,0,0,0,0,0
2,4,0,0,0,0,0,0,0,0,1,0,0,0,0,0,0,0,0,0,0
3,2,0,0,0,0,0,0,0,0,0,0,0,0,0,0,3,0,0,0,0
4,8,0,0,0,0,0,0,0,0,0,0,0,0,0,0,1,0,0,3,0
5,14,0,0,0,0,0,0,0,0,0,0,0,0,0,0,0,0,0,4,0
6,10,0,0,0,0,0,0,0,0,0,0,0,0,0,0,0,0,0,2,0
7,8,0,0,0,0,0,0,0,0,0,0,0,0,0,0,0,0,0,1,0
8,4,0,0,0,0,0,0,0,0,0,0,0,0,0,0,0,0,0,3,0
9,5,0,0,0,0,0,0,0,0,6,0,0,0,0,0,0,0,0,1,0
10,2,0,0,0,0,0,3,0,0,3,0,0,0,0,0,0,0,0,0,0
11,1,0,0,0,0,0,1,0,0,4,0,0,0,0,0,0,0,0,0,0
12,0,0,0,0,0,0,0,0,0,2,0,0,0,0,0,0,0,0,0,0
13,3,0,0,0,0,0,0,0,0,1,0,0,0,0,0,0,0,0,0,0
14,1,0,0,0,0,0,0,0,0,0,0,0,0,0,0,0,0,0,0,0
15,3,0,0,0,0,0,0,0,0,0,0,0,0,0,0,0,0,0,0,0
16,1,0,0,0,0,0,0,0,0,0,0,0,0,0,0,0,0,0,0,0
17,0,0,0,0,0,0,0,0,0,0,0,0,0,0,0,0,0,0,0,0
18,0,0,0,0,0,0,0,0,0,0,0,0,0,0,0,0,0,0,3,0
19,3,0,0,0,0,0,0,0,0,0,0,0,0,0,0,3,0,0,1,0
20,4,0,0,0,0,0,0,0,0,0,0,0,0,0,0,1,0,0,0,0
21,2,0,0,0,0,0,0,0,0,0,0,0,0,0,0,0,0,0,0,0
22,8,0,3,0,0,0,0,0,0,0,0,0,0,0,0,0,0,0,0,0
23,4,0,1,0,0,0,0,0,0,3,0,0,0,0,0,0,0,0,0,0
24,2,0,0,0,0,0,0,0,0,1,0,0,0,0,0,0,0,0,0,0
25,4,0,0,0,0,0,0,0,0,3,0,0,0,3,0,0,3,0,0,0
26,2,0,0,0,0,0,0,0,0,1,0,0,0,1,0,0,1,0,0,0
27,4,0,0,0,0,0,0,0,0,0,0,0,0,0,0,0,0,0,0,0
28,2,0,0,0,0,3,0,0,0,0,0,0,0,0,0,0,0,0,0,0
29,1,0,0,0,0,4,0,0,0,0,0,0,0,0,0,0,0,0,0,0
30,7,0,3,3,0,2,3,0,0,0,0,0,0,0,0,0,0,0,0,0
31,13,0,4,4,0,1,1,0,0,0,0,0,0,0,0,3,0,0,0,0
32,6,3,2,2,0,0,0,0,0,0,0,0,0,0,0,1,3,0,0,0
33,12,1,1,12,0,0,0,0,0,0,0,0,0,0,0,0,1,0,0,0
34,18,0,0,9,0,0,0,0,0,0,0,0,0,0,0,0,0,0,3,0
35,12,0,0,4,0,0,0,0,0,9,0,0,0,0,0,0,0,0,1,0
36,6,0,0,2,0,0,0,0,3,22,0,0,0,0,0,0,0,0,0,0
37,6,0,0,1,0,0,0,0,1,11,0,0,0,0,0,0,3,0,0,0
38,6,0,0,3,0,0,0,0,0,5,0,0,0,0,0,3,1,0,0,0
39,12,0,0,1,0,0,0,0,0,2,0,0,0,0,0,1,0,0,3,0
40,27,0,0,15,0,0,0,0,0,1,0,0,0,0,0,0,0,0,1,0
41,16,0,0,21,0,3,0,0,0,0,0,0,0,0,0,3,0,0,7,0
42,8,6,0,10,0,1,0,0,0,0,0,0,0,0,0,1,0,0,3,0
43,7,3,0,16,0,0,0,0,0,0,0,0,0,0,0,0,0,0,1,0
44,6,1,0,22,0,0,0,0,0,0,0,0,0,0,0,0,0,0,0,0
45,18,0,0,11,0,0,0,0,0,0,0,0,0,0,0,0,0,0,0,0
46,9,0,0,5,0,0,0,0,0,0,0,0,0,0,0,0,0,0,0,0
47,15,0,0,11,0,0,0,0,0,3,0,0,0,0,3,3,0,0,0,0
48,21,0,0,17,0,0,0,0,0,1,0,0,0,0,4,1,0,0,0,0
49,10,0,0,8,0,3,0,0,0,0,0,0,0,0,2,0,0,0,0,0
50,5,0,0,4,0,1,0,0,0,0,0,0,0,0,1,0,0,0,0,0
51,5,0,0,5,0,0,0,0,0,3,0,0,0,0,0,0,0,0,0,0
52,11,3,0,5,0,0,0,0,0,1,0,0,0,0,0,0,0,0,0,0
53,8,1,0,5,3,0,0,0,0,0,0,0,0,0,0,3,0,0,3,0
54,4,0,0,5,1,0,0,0,0,0,0,0,0,0,0,1,0,0,1,0
55,2,0,0,2,0,0,0,0,0,6,0,0,0,0,0,3,0,0,0,0
56,1,0,0,1,0,0,0,0,0,3,0,0,0,0,0,1,3,0,0,0
57,0,0,0,0,0,0,0,0,0,9,0,0,0,3,0,0,1,0,0,0
58,0,0,0,0,0,0,0,0,0,15,0,0,0,1,0,0,0,0,0,0
59,0,0,3,3,0,0,0,0,0,7,0,0,0,0,0,0,0,0,3,0
60,0,0,1,4,0,0,0,0,0,3,0,0,0,0,0,3,0,0,4,0
61,0,3,0,2,0,6,0,0,0,1,0,0,0,0,0,1,0,0,5,0
62,9,1,0,1,0,3,0,0,0,0,0,0,0,0,3,0,0,0,2,0
63,4,0,0,0,0,1,0,0,0,0,0,0,0,0,1,0,0,0,1,0
64,5,3,0,0,0,0,0,0,0,0,0,0,0,0,0,0,0,0,0,0
65,5,1,0,3,3,0,0,0,0,0,0,0,0,0,0,0,0,0,0,0
66,17,0,0,9,18,0,0,0,0,3,0,0,0,0,0,0,0,3,0,0
67,23,0,0,15,48,0,0,0,3,4,0,0,0,0,0,0,0,4,0,0
68,29,0,0,21,108,0,0,0,4,5,0,0,0,0,0,0,0,10,0,0
69,17,0,0,13,171,0,0,0,5,5,0,0,0,0,0,0,0,16,0,0
70,8,0,0,9,88,0,0,0,5,11,0,0,0,0,0,0,0,22,0,0
71,7,0,0,15,47,0,0,0,2,5,0,0,0,0,0,0,0,42,0,0
72,3,0,0,7,23,0,0,0,4,2,0,0,0,0,0,0,0,21,0,0
73,4,0,0,6,11,0,0,0,2,1,0,0,0,0,0,0,0,10,0,0
74,10,0,0,12,8,0,0,0,1,0,0,0,0,0,0,0,0,5,0,0
75,16,0,0,18,4,0,0,0,0,0,0,0,0,0,0,0,0,2,0,0
76,22,0,0,12,10,0,0,0,0,0,0,0,0,0,0,0,0,1,0,0
77,11,0,0,6,8,0,0,0,0,0,0,0,0,0,0,0,0,0,0,0
78,5,0,0,12,4,0,0,0,0,0,0,0,0,0,0,0,0,0,0,0
79,5,0,0,9,2,0,0,0,0,0,0,0,0,0,0,0,0,3,0,0
80,11,0,0,7,1,0,0,0,0,3,0,0,0,0,0,0,0,1,0,0
81,17,0,0,13,0,0,0,0,3,1,0,0,0,0,0,0,0,0,0,0
82,11,0,0,9,3,0,0,0,1,0,0,0,0,0,0,3,0,6,0,0
83,5,0,0,4,4,0,0,0,0,0,0,0,3,0,0,1,0,3,0,0
84,5,0,0,2,2,0,0,0,0,0,0,0,1,0,0,0,0,1,3,0
85,2,0,0,1,1,0,0,0,0,0,0,0,0,0,0,0,0,0,1,0
86,1,0,0,0,0,0,0,0,0,0,0,3,0,0,0,0,0,0,0,0
87,3,0,0,0,0,0,0,3,0,0,0,1,0,0,0,0,0,0,0,0
88,1,0,0,0,0,3,0,1,0,0,0,0,0,0,0,0,0,0,0,0
89,0,0,0,0,0,4,0,0,0,0,0,0,0,0,0,0,0,0,0,0
90,0,0,0,0,0,5,0,0,0,0,0,0,0,0,0,0,0,0,0,0
91,0,0,0,0,0,5,0,0,0,0,0,0,0,0,0,0,0,0,0,0
92,0,0,0,0,3,2,0,0,0,0,0,0,0,0,0,0,0,3,0,0
93,3,0,0,0,4,1,0,0,0,3,0,0,0,0,0,0,0,1,0,0
94,4,0,0,0,2,0,0,0,0,1,0,0,0,0,0,0,0,3,0,0
95,2,0,0,0,1,0,0,3,0,0,0,0,0,0,0,0,0,1,0,0
96,1,0,0,0,3,0,0,4,0,0,0,0,0,0,0,0,0,0,0,0
97,0,0,0,0,4,0,0,2,0,0,0,0,0,0,0,0,0,0,0,0
98,0,0,0,0,2,3,0,1,0,0,0,0,0,0,0,0,0,0,0,0
99,0,0,0,0,1,4,0,0,0,0,0,0,0,0,0,0,0,0,0,0
100,0,0,0,0,0,5,0,0,0,0,0,0,0,0,0,0,0,0,0,0
101,0,0,0,0,0,2,0,0,0,0,0,0,0,0,0,0,0,0,0,0
102,6,0,0,0,0,1,0,0,0,3,0,0,0,0,0,0,0,3,0,0
103,3,0,0,0,0,0,0,0,0,1,0,0,0,0,0,0,0,1,0,0
104,1,0,0,0,0,0,0,9,0,0,0,0,0,0,0,0,0,0,0,0
105,0,0,0,0,0,0,0,4,0,0,0,0,0,0,0,0,0,0,0,0
106,0,0,0,0,0,0,0,2,0,0,0,0,0,3,0,0,0,0,0,0
107,0,0,0,0,0,0,0,1,0,0,0,0,0,1,0,0,0,0,0,0
108,0,0,0,0,0,0,0,0,0,0,0,0,0,0,0,0,0,0,0,0
109,0,0,0,0,0,0,0,0,0,0,0,0,0,0,0,0,0,0,0,0
110,0,0,0,3,0,0,0,3,0,0,0,0,0,0,0,0,0,0,0,0
111,0,0,0,4,0,0,0,4,0,0,0,0,0,0,0,0,0,0,0,0
112,6,0,0,2,0,0,0,2,0,0,0,0,0,0,0,0,0,0,0,0
113,6,0,0,1,0,0,0,1,0,0,0,0,0,0,0,0,0,0,0,0
114,6,0,0,0,0,0,0,0,0,0,0,0,0,0,0,0,0,0,0,0
115,6,0,0,0,0,0,0,0,0,0,0,0,0,0,0,0,0,0,0,0
116,6,0,0,0,0,0,0,0,0,0,0,0,0,0,0,0,0,0,0,0
117,6,0,0,0,0,0,0,0,0,0,0,0,0,0,0,0,0,0,0,0
118,3,0,0,0,0,0,0,0,0,0,0,0,0,0,0,0,0,0,3,0
119,1,0,0,0,0,0,0,0,0,0,0,0,0,0,0,0,0,0,1,0
120,0,0,0,0,0,9,0,0,3,0,0,0,0,0,0,3,0,0,0,0
121,3,0,0,0,0,4,6,0,1,0,0,0,0,0,0,1,0,3,0,0
122,4,0,0,0,0,2,18,0,0,0,0,0,0,0,0,0,0,1,0,0
123,5,0,0,0,0,1,24,0,0,0,0,0,0,0,0,0,0,0,0,0
124,2,0,0,0,0,0,60,0,0,0,0,0,0,0,0,0,0,0,0,0
125,1,0,0,0,0,0,99,0,0,0,0,0,0,0,0,0,0,0,0,0
126,3,0,0,0,0,3,105,0,0,0,0,0,0,0,0,0,0,0,0,0
127,1,0,0,0,0,18,52,0,0,0,0,0,0,0,0,0,0,0,0,0
128,0,0,0,0,0,48,26,0,0,0,0,0,0,0,0,0,0,0,0,0
129,0,0,0,0,0,108,13,0,0,0,0,0,0,0,0,0,0,0,0,0
130,0,0,0,0,0,54,6,3,0,0,0,0,0,0,0,0,0,0,0,0
131,3,0,0,0,0,30,3,1,0,0,0,0,0,0,0,0,0,0,0,0
132,1,0,0,0,0,15,1,0,0,0,0,0,0,0,0,0,0,0,0,0
133,0,0,0,0,0,7,0,0,0,0,0,0,0,3,0,0,0,0,0,0
134,0,0,0,0,0,3,0,0,0,0,0,0,0,1,0,0,0,3,0,0
135,0,0,0,0,0,1,0,0,0,0,0,0,0,0,0,0,0,1,0,0
136,0,0,0,0,0,3,0,0,0,0,0,0,0,0,0,0,0,0,0,0
137,0,0,0,0,0,4,0,0,0,3,0,0,0,0,0,0,0,0,0,0
138,0,0,0,0,0,5,0,0,0,1,0,0,0,0,0,0,0,0,0,0
139,0,0,0,0,0,2,0,0,0,0,0,6,0,0,0,0,0,0,0,0
140,0,0,0,0,0,1,0,0,0,0,0,3,0,0,0,0,0,0,0,0
141,0,0,0,0,0,0,0,0,0,0,0,1,0,0,0,0,0,0,0,0
142,0,0,0,0,0,0,0,0,0,0,0,0,0,0,0,0,0,0,3,0
143,0,0,0,0,0,0,0,0,0,0,0,0,0,0,0,0,0,0,1,0
144,0,0,0,0,0,0,0,0,0,0,0,0,0,0,0,0,0,0,0,0
145,0,0,0,0,0,0,0,0,0,0,0,0,0,0,0,0,0,0,0,0
146,0,0,0,0,0,0,0,0,0,0,0,6,0,0,0,0,0,0,0,0
147,0,0,0,0,0,3,0,0,0,0,3,3,0,0,0,0,0,0,0,0
148,0,0,0,0,0,4,0,0,0,0,4,1,0,0,0,0,0,0,3,0
149,0,0,0,0,0,5,0,0,0,0,5,0,0,0,0,0,0,0,4,0
150,0,0,0,0,0,5,0,0,0,0,5,0,0,0,0,0,0,0,5,0
151,0,0,0,0,0,2,0,0,0,0,2,0,0,0,0,0,0,0,2,0
152,0,0,3,0,0,1,0,0,0,0,1,0,0,0,0,0,0,0,1,0
153,0,0,1,0,0,0,0,0,0,0,0,3,0,0,0,0,0,0,0,0
154,0,0,0,3,0,0,0,0,0,0,0,1,0,0,3,0,0,0,0,0
155,0,0,0,1,0,0,0,0,0,3,0,0,0,0,1,0,0,0,0,0
156,0,0,0,0,0,0,0,0,0,4,0,0,0,0,0,0,0,0,0,0
157,0,0,0,0,0,3,0,0,0,2,0,0,0,0,0,0,0,0,0,0
158,0,0,0,0,0,4,0,0,0,1,0,0,0,0,0,0,0,0,0,0
159,0,0,0,0,0,10,0,0,0,3,0,3,0,0,0,0,0,0,3,0
160,0,0,0,0,0,5,0,0,0,1,0,1,0,0,0,0,0,0,1,0
161,0,0,0,0,0,2,0,0,0,0,0,0,0,0,0,0,0,0,0,0
162,0,0,0,0,0,1,0,0,0,0,0,0,0,0,0,0,0,0,0,0
163,0,0,0,0,0,3,0,0,0,0,0,0,0,0,0,0,0,0,0,0
164,0,0,0,0,0,4,0,0,0,0,0,0,0,0,0,0,0,0,3,0
165,3,0,0,3,0,2,0,0,0,0,0,0,0,0,0,0,0,0,4,0
166,4,0,0,4,0,1,0,0,0,0,0,0,0,0,0,0,0,0,5,0
167,2,0,0,2,0,0,0,0,0,0,0,0,0,0,0,0,0,0,11,0
168,4,0,0,4,0,0,0,0,0,0,0,0,0,0,0,0,0,0,5,0
169,5,0,0,5,0,0,0,0,0,0,0,0,0,0,0,0,0,0,5,0
170,2,0,0,2,0,0,0,0,0,0,0,0,0,0,0,0,0,0,5,0
171,1,0,0,1,0,0,0,0,0,0,0,0,0,0,0,0,0,0,2,0
172,0,0,0,0,0,3,0,0,0,3,0,0,0,0,0,3,0,0,1,0
173,0,0,0,0,0,1,0,0,0,1,0,0,0,0,0,1,0,0,0,0
174,0,0,0,0,0,0,0,0,0,0,0,0,0,0,0,0,0,0,0,0
175,0,0,0,0,0,0,0,0,0,0,0,0,0,0,0,0,0,0,0,0
176,3,0,0,0,0,0,0,0,0,0,0,0,0,0,0,0,0,0,0,0
177,4,0,0,0,0,0,0,0,0,3,0,0,0,0,0,0,0,0,0,0
178,2,0,0,0,0,0,0,0,0,1,0,0,0,0,0,0,0,0,3,0
179,1,0,0,0,0,0,0,0,0,0,0,0,0,0,0,0,0,3,1,0
180,0,0,0,0,0,0,0,0,0,0,0,0,0,0,0,0,0,4,0,0
181,0,0,0,0,0,3,0,0,0,0,0,0,0,0,0,0,0,2,3,0
182,0,0,0,0,0,1,0,0,0,0,0,0,0,0,0,0,0,4,1,0
183,6,0,0,0,0,0,0,0,0,0,0,0,0,0,0,0,0,2,0,0
184,3,0,0,0,0,0,0,3,0,0,0,3,0,0,0,3,0,1,0,0
185,13,0,0,0,0,0,0,1,0,0,0,1,0,0,0,1,0,0,0,0
186,19,0,0,0,0,0,0,0,0,0,0,0,0,0,0,0,3,0,0,0
187,12,0,0,3,0,0,0,0,0,0,0,0,0,0,0,0,1,0,0,0
188,9,0,0,4,0,0,0,0,0,0,0,0,0,0,0,0,0,0,0,0
189,7,0,0,5,0,0,0,0,0,3,0,0,0,0,0,0,6,0,0,9
190,6,0,0,5,0,0,0,0,0,4,0,0,0,0,0,0,12,0,0,22
191,3,0,0,2,0,0,0,0,0,5,0,0,0,0,0,0,37,0,0,42
192,4,0,0,1,0,0,0,0,0,2,0,0,0,0,0,0,43,0,0,24
193,5,0,0,0,0,3,0,0,0,4,0,0,3,0,0,0,24,0,0,12
194,11,0,0,0,0,1,0,0,0,2,0,0,4,0,0,3,12,0,0,6
195,17,0,0,0,0,0,0,0,0,1,0,0,2,0,0,1,6,0,0,3
196,23,0,0,0,0,0,0,0,0,0,0,0,1,0,0,0,3,0,0,1
197,73,0,0,0,0,0,0,0,0,0,0,0,0,0,0,0,1,3,0,0
198,158,0,0,0,0,0,0,0,0,0,0,0,0,0,0,0,0,4,0,0
199,411,0,0,0,0,0,0,0,0,0,0,0,0,0,0,0,0,5,0,0
200,1044,0,0,0,0,0,0,0,0,0,0,0,0,0,0,0,0,5,0,0
201,525,0,0,0,0,0,0,0,0,0,0,0,0,0,0,0,0,2,0,3
202,531,0,3,0,0,0,0,0,0,0,0,0,0,0,0,0,0,1,0,1
203,537,0,4,0,0,0,0,0,0,0,0,0,0,0,0,0,0,0,0,0
204,271,0,10,0,0,0,0,0,0,0,0,0,0,0,0,0,0,0,0,0
205,138,0,8,0,0,0,0,0,0,0,0,0,0,0,0,0,0,0,0,0
206,72,0,4,0,0,0,0,0,0,0,0,0,0,0,0,3,0,0,0,0
207,39,0,5,0,0,0,0,0,0,0,0,0,0,0,0,4,0,0,0,0
208,19,0,2,0,0,0,0,0,0,0,0,0,0,0,0,2,0,0,3,0
209,25,0,1,0,0,0,0,0,0,0,0,0,0,0,0,1,0,0,4,0
210,31,0,3,0,0,0,0,0,0,0,0,0,0,0,0,0,0,0,2,3
211,56,0,9,0,0,0,0,0,0,0,0,0,0,0,0,0,0,0,1,1
212,93,0,15,0,0,0,0,0,0,0,0,0,0,0,0,0,3,0,0,0
213,199,0,21,0,0,0,0,0,0,0,0,0,0,0,0,0,4,0,0,0
214,410,3,10,0,0,0,0,0,0,0,0,0,0,0,0,0,2,0,0,0
215,205,1,5,0,0,0,0,0,0,0,0,0,0,0,6,6,1,0,0,0
216,105,0,2,0,0,0,0,0,0,0,0,0,0,0,6,3,0,0,0,0
217,52,0,1,0,0,0,0,0,0,0,0,0,0,0,6,1,0,0,0,0
218,147,0,0,0,0,0,0,0,0,0,0,0,0,0,3,0,0,0,0,0
219,306,0,3,0,0,0,0,0,0,0,0,0,0,0,1,0,0,0,0,0
220,624,0,4,0,0,0,0,0,0,0,0,0,0,0,0,0,0,0,0,0
221,630,0,5,0,0,0,0,0,0,0,0,0,0,0,0,0,0,0,0,0
222,318,0,2,0,0,0,0,0,0,0,0,0,0,0,0,0,0,0,0,0
223,324,0,1,0,0,0,3,0,0,0,0,0,0,3,0,0,3,0,0,0
224,990,0,0,9,0,0,4,0,0,0,0,0,0,1,0,0,4,0,3,0
225,996,0,0,4,0,0,2,0,0,0,0,0,0,0,0,3,5,0,1,0
226,498,0,0,2,0,0,1,0,0,0,0,0,0,0,0,1,2,0,0,0
227,252,0,0,1,0,0,0,0,0,0,0,0,0,0,0,0,4,0,0,0
228,126,0,0,0,0,0,0,0,0,0,0,0,0,0,0,0,2,0,0,0
229,63,0,0,0,0,0,0,0,0,0,0,0,0,0,0,0,1,0,0,0
230,103,0,0,0,0,3,0,0,3,0,0,0,0,0,0,0,0,0,0,0
231,54,0,3,0,0,4,0,0,1,0,0,0,0,0,0,0,0,0,0,0
232,27,0,1,0,0,2,0,0,0,0,0,0,0,0,0,0,0,0,0,0
233,13,0,0,0,0,1,0,3,0,0,0,0,0,0,0,0,0,0,3,0
234,29,0,0,0,0,0,0,1,0,0,0,0,0,0,0,0,0,0,1,9
235,35,0,0,0,0,3,0,0,0,0,0,0,0,0,0,0,0,0,0,4
236,62,0,0,0,0,1,0,0,0,0,0,0,0,0,0,0,0,0,0,2
237,31,0,0,0,0,0,0,0,0,0,0,0,0,0,0,0,0,0,0,1
238,74,0,0,0,0,0,0,0,0,0,0,0,0,0,0,0,0,0,0,0
239,160,0,0,0,0,0,0,0,0,0,0,0,0,0,0,0,0,0,0,0
240,333,0,0,0,0,0,0,0,0,0,0,0,0,0,0,3,0,0,0,0
241,678,0,0,0,0,0,0,0,0,0,0,0,0,0,0,4,0,0,0,0
242,342,0,0,0,0,0,0,0,0,0,0,0,0,0,0,2,0,0,3,0
243,174,0,0,0,0,0,3,0,0,0,0,0,0,0,0,1,0,0,4,0
244,180,0,0,0,0,0,4,0,0,0,0,0,0,0,0,0,0,0,5,0
245,186,0,0,0,0,0,5,0,0,0,0,0,0,0,0,0,0,0,5,0
246,288,0,0,0,0,0,5,0,0,0,0,0,0,0,0,0,0,0,2,0
247,144,0,0,0,0,0,2,0,0,0,0,0,0,0,0,0,0,0,4,0
248,72,0,0,0,0,0,1,3,0,0,0,0,0,0,0,0,0,0,2,0
249,36,3,0,0,0,0,3,1,0,3,0,0,0,0,0,0,3,0,1,0
250,18,4,0,0,0,0,4,0,0,4,0,0,0,0,0,0,4,0,0,0
251,9,5,0,0,0,0,5,0,0,5,0,0,0,0,0,0,5,0,0,0
252,7,2,0,3,0,0,11,0,0,2,0,0,0,0,0,0,2,0,0,0
253,3,1,0,1,0,0,8,0,0,1,0,0,0,0,0,0,1,0,0,0
254,4,0,0,0,0,0,7,0,0,0,0,0,0,0,0,0,0,0,0,0
255,5,0,0,0,0,0,6,0,0,0,0,0,0,0,0,0,0,0,0,0
256,11,0,0,0,0,0,6,0,0,0,0,0,0,3,0,0,0,0,0,0
257,8,0,0,0,0,0,6,0,0,0,0,0,0,4,0,0,0,0,0,0
258,7,0,0,0,0,0,3,0,0,0,0,0,0,2,0,0,0,0,0,0
259,3,0,0,0,0,0,1,0,0,0,0,0,0,4,0,3,0,0,0,0
260,1,0,0,0,0,0,0,0,0,0,0,0,0,5,0,4,0,0,0,0
261,0,0,0,0,0,0,0,0,0,0,0,0,0,2,0,2,0,0,0,0
262,0,0,0,0,0,0,0,0,0,3,0,0,0,1,0,1,0,0,0,0
263,0,0,0,0,0,0,0,0,0,1,0,0,0,0,0,0,0,0,0,0
264,0,0,0,0,0,0,0,0,0,0,0,0,0,0,0,0,0,0,0,0
265,0,0,0,0,0,0,0,0,0,0,0,0,0,0,0,0,0,0,0,0
266,0,0,3,0,0,0,0,0,0,0,0,0,0,0,0,0,0,0,0,0
267,0,0,1,0,0,0,6,0,0,0,0,0,0,0,0,0,0,0,0,0
268,0,0,0,0,0,0,12,0,0,0,0,0,0,0,0,0,0,0,3,0
269,0,0,0,0,0,0,6,0,0,0,0,0,0,0,0,0,0,0,4,0
270,0,0,0,0,0,0,3,0,0,0,0,0,0,0,0,0,0,0,2,0
271,0,0,0,0,0,0,1,0,0,0,0,0,0,0,0,0,0,0,1,0
272,0,0,3,0,0,0,0,0,0,0,0,0,0,0,0,0,0,0,3,0
273,0,0,1,0,0,0,0,0,0,0,0,0,0,0,0,0,0,0,1,0
274,0,0,0,0,0,0,0,0,0,3,0,0,0,0,0,3,0,0,0,0
275,3,0,0,0,0,0,0,0,0,1,0,0,0,0,0,1,0,0,6,0
276,4,0,0,0,0,3,0,0,0,0,0,0,0,0,0,0,0,0,3,0
277,2,0,0,0,0,1,0,0,0,0,0,0,0,0,0,0,0,0,1,0
278,1,0,0,0,0,0,0,0,0,0,0,0,0,0,0,0,0,0,3,0
279,3,0,0,0,0,0,0,0,0,0,0,0,0,0,0,0,0,0,1,0
280,9,0,0,0,0,0,0,0,0,0,0,0,0,0,0,0,0,0,0,0
281,4,0,0,0,0,0,0,0,0,0,0,0,0,0,0,3,0,0,0,0
282,5,0,0,0,0,0,0,3,0,0,3,0,0,0,3,1,0,0,3,0
283,2,0,0,0,0,0,3,1,0,0,1,0,0,0,1,0,0,0,1,0
284,1,0,0,0,0,3,1,0,0,0,0,0,0,0,0,3,0,0,3,0
285,11,0,3,3,0,1,0,0,0,0,0,0,0,0,0,4,0,0,1,0
286,8,0,4,9,0,0,0,0,0,0,0,0,0,9,0,2,0,0,0,0
287,4,0,2,4,0,0,6,0,0,0,3,3,0,4,0,1,0,0,0,0
288,2,0,4,2,0,0,3,0,0,0,1,1,0,2,0,0,0,0,0,0
289,1,0,2,1,0,0,4,0,0,0,3,0,0,1,0,3,0,0,0,0
290,0,0,1,0,0,0,2,0,0,0,4,0,0,0,0,1,0,0,0,0
291,3,0,0,0,0,0,4,0,0,0,2,0,0,0,0,0,0,0,0,0
292,1,0,0,0,0,0,5,0,0,0,1,0,0,3,0,6,0,0,0,0
293,0,0,0,0,0,0,5,0,0,0,0,0,0,1,0,12,0,0,0,0
294,0,0,0,0,0,0,2,0,0,0,0,0,0,0,0,9,0,0,0,0
295,0,0,0,0,0,0,1,0,0,0,0,0,0,0,0,4,0,0,0,0
296,0,0,0,3,0,0,0,0,0,0,0,0,0,0,0,2,0,0,0,0
297,0,0,0,1,0,0,0,0,0,0,0,3,0,0,0,4,0,0,0,0
298,0,0,0,0,0,0,0,0,0,0,0,1,0,0,0,2,0,0,0,0
299,0,0,0,0,0,0,0,0,0,0,0,0,0,3,0,1,0,0,0,0
300,0,0,0,0,0,0,3,0,0,3,0,0,0,4,0,3,0,0,0,0
301,0,0,0,0,0,0,1,0,0,1,0,0,0,2,0,4,0,0,0,0
302,0,0,0,0,0,0,3,0,0,0,3,0,0,1,0,2,0,0,3,0
303,9,0,3,3,0,0,1,0,0,0,1,0,0,0,0,1,0,0,1,0
304,7,0,4,1,0,0,3,0,0,0,0,0,0,0,0,0,0,0,0,0
305,6,0,2,0,0,0,9,0,0,0,0,0,0,0,0,3,0,0,0,0
306,3,0,1,0,0,0,7,0,0,0,0,0,0,0,0,4,0,0,0,0
307,4,0,0,0,0,0,3,0,0,0,0,0,0,0,0,2,0,0,6,0
308,10,3,0,0,0,0,1,0,0,0,0,0,0,0,0,1,0,0,6,0
309,16,1,0,0,0,0,0,0,0,0,3,0,0,0,0,3,0,0,3,0
310,22,0,0,0,0,0,0,0,0,0,1,0,0,0,0,1,0,0,1,0
311,43,0,0,0,0,0,0,0,0,0,0,0,0,0,0,0,0,0,0,0
312,21,0,0,0,0,0,0,0,0,0,0,0,0,6,0,6,0,0,0,0
313,10,0,0,0,0,0,0,0,0,0,0,0,0,12,0,25,3,0,0,0
314,16,0,0,0,0,0,6,0,0,0,0,0,0,6,0,47,4,0,0,0
315,8,0,3,0,0,0,3,0,0,0,0,0,0,3,0,23,2,0,0,0
316,7,0,1,0,0,0,1,0,0,3,3,0,0,1,0,11,1,0,0,0
317,3,0,0,0,0,0,0,0,0,1,1,0,0,0,0,5,0,0,0,0
318,1,0,0,0,0,0,0,0,0,0,0,0,0,0,0,2,0,0,0,0
319,3,0,0,0,0,0,0,0,0,0,0,0,0,0,0,4,0,0,0,0
320,9,0,0,0,0,0,0,0,0,0,0,0,0,0,0,2,0,0,0,0
321,15,0,0,0,0,0,0,0,0,0,0,0,0,0,0,1,0,0,0,0
322,10,0,0,0,0,0,0,0,0,0,0,0,0,0,0,0,0,0,0,0
323,8,0,0,0,0,0,3,0,0,0,0,3,0,0,0,0,0,0,0,0
324,4,0,3,0,0,0,1,0,0,0,0,1,0,0,0,3,0,0,0,0
325,2,0,1,0,0,0,3,0,0,0,0,0,0,0,0,1,0,3,0,0
326,4,0,0,0,0,3,1,0,0,0,0,0,0,0,0,0,0,1,0,0
327,2,0,0,0,0,1,0,0,0,0,0,0,0,0,0,0,0,0,0,0
328,1,0,0,0,0,0,0,0,0,0,6,0,0,0,0,0,0,0,0,0
329,0,0,0,0,0,0,0,0,0,0,6,0,0,0,0,0,0,0,0,0
330,0,0,0,0,0,0,0,0,0,0,3,0,0,0,0,3,0,0,0,0
331,3,0,0,0,0,0,0,0,0,0,1,0,0,0,0,1,0,0,0,0
332,4,0,0,0,0,0,0,0,0,0,0,0,0,0,0,0,0,0,0,0
333,2,0,6,0,0,0,0,0,0,0,6,3,0,0,0,0,0,3,0,0
334,4,0,12,0,0,0,0,0,0,0,12,4,0,0,0,0,0,4,0,0
335,2,0,6,0,0,0,0,0,0,0,6,2,0,0,0,0,0,2,9,0
336,1,0,3,0,0,0,0,0,0,0,3,1,0,0,0,0,0,1,22,0
337,0,0,1,0,0,0,0,0,0,0,1,0,0,0,0,0,0,0,42,0
338,0,0,0,0,0,0,0,0,0,0,0,0,0,0,0,3,0,0,21,0
339,0,0,0,0,0,0,0,0,0,0,0,0,0,0,0,4,0,0,10,0
340,0,0,0,0,0,0,0,0,0,0,0,0,0,0,0,2,0,0,5,0
341,6,0,0,6,0,0,0,0,0,0,0,0,0,0,0,1,0,0,2,0
342,6,0,0,6,0,0,0,0,0,0,0,0,0,0,0,0,0,0,1,0
343,6,0,0,3,0,0,0,0,0,0,0,0,0,0,0,0,0,0,3,0
344,3,0,0,1,0,0,0,0,0,0,0,0,0,3,0,3,0,3,1,0
345,4,0,3,0,0,0,0,0,0,0,0,0,0,1,0,1,0,1,15,0
346,5,0,1,0,0,0,0,0,0,0,0,0,0,0,0,3,0,0,7,0
347,5,3,0,0,0,0,3,0,0,0,0,0,0,3,0,1,0,0,3,0
348,17,1,0,0,0,0,13,0,0,0,0,0,0,1,0,11,0,0,4,0
349,8,0,0,0,0,0,6,0,0,0,0,3,0,0,0,5,0,0,2,0
350,7,0,0,0,0,0,3,3,0,0,0,1,0,0,0,2,0,0,1,0
351,20,0,0,0,0,0,9,1,0,3,0,0,0,0,0,1,0,0,0,0
352,39,0,0,0,0,0,15,0,0,4,0,0,0,0,0,0,0,0,0,0
353,67,0,0,0,0,0,7,0,0,2,0,0,0,0,0,0,0,0,0,0
354,36,0,0,0,0,0,6,0,0,4,0,0,0,0,0,3,3,0,0,0
355,18,0,0,0,0,0,19,0,0,2,0,0,0,0,0,1,1,0,0,0
356,12,0,0,0,0,0,12,0,0,1,0,0,0,0,0,0,0,0,3,0
357,6,0,0,0,0,0,6,0,0,0,0,0,0,0,0,3,0,0,1,0
358,12,0,0,0,0,0,6,0,0,0,0,0,0,0,0,1,0,0,0,0
359,6,0,0,0,0,0,3,0,0,0,0,0,0,0,0,0,0,0,0,0
360,3,0,3,0,0,0,1,0,0,0,0,0,0,0,0,0,0,0,0,0
361,4,6,1,0,0,0,0,0,0,0,0,3,0,0,0,0,0,0,6,0
362,2,12,0,0,0,0,0,0,0,0,0,4,0,0,0,0,0,0,12,0
363,1,18,0,0,0,0,0,0,0,0,0,5,0,0,0,0,0,0,18,0
364,0,12,0,0,0,0,0,0,0,0,0,2,0,0,0,6,0,0,9,0
365,0,6,0,0,0,0,0,0,0,0,0,1,0,0,0,3,0,0,4,0
366,3,18,0,0,0,0,0,0,0,0,0,0,0,0,0,1,0,0,2,0
367,1,12,0,3,3,0,0,0,0,0,0,0,0,0,0,3,0,0,4,0
368,3,6,0,1,1,0,3,0,0,0,0,0,0,0,0,4,0,0,2,0
369,1,3,0,0,0,0,1,0,0,0,0,0,0,0,0,5,0,0,1,0
370,7,1,3,0,0,0,0,0,0,0,0,0,0,0,0,2,0,0,0,0
371,3,3,1,0,0,0,0,0,0,0,0,0,0,0,0,8,0,0,0,0
372,9,1,11,0,0,0,0,0,0,0,0,0,0,0,0,4,0,0,0,0
373,15,0,5,0,0,0,0,0,0,0,0,0,0,0,0,2,0,0,6,0
374,7,0,2,0,0,0,0,0,0,0,0,0,0,0,0,4,0,0,3,0
375,3,0,1,0,0,0,0,0,0,0,0,0,0,0,0,5,0,0,1,0
376,1,0,0,0,0,0,0,0,0,0,0,0,0,0,0,2,0,0,0,0
377,7,0,0,0,0,0,3,0,0,0,0,0,0,0,0,1,0,0,0,0
378,6,0,0,0,0,0,1,6,0,0,0,0,0,0,0,0,0,0,0,0
379,12,0,0,3,0,0,0,3,0,3,0,0,0,0,0,0,0,0,0,0
380,9,0,0,1,0,0,6,1,0,1,0,0,0,0,0,0,0,0,0,0
381,7,0,0,0,0,0,3,0,0,0,0,0,0,0,0,3,0,0,0,0
382,13,0,0,3,0,0,1,0,0,3,0,0,0,0,0,1,0,0,0,0
383,19,0,0,1,0,0,0,0,0,1,0,0,0,0,0,3,0,0,0,0
384,12,0,0,0,0,0,0,0,0,0,0,0,0,0,0,1,0,0,0,0
385,9,0,0,0,0,0,0,0,0,0,0,0,0,0,0,0,0,0,0,0
386,15,0,3,0,0,0,3,0,0,0,0,0,0,0,0,0,0,0,0,0
387,10,0,1,0,0,0,1,0,0,0,3,0,0,0,0,0,3,0,0,0
388,16,0,3,0,0,0,0,0,0,0,1,0,0,0,0,0,1,0,0,0
389,8,0,1,0,0,0,0,0,0,0,0,0,0,3,0,0,0,0,0,0
390,4,0,0,0,0,0,0,0,0,3,0,0,0,1,0,0,0,0,0,0
391,10,0,0,0,0,0,3,0,0,1,0,0,0,0,0,0,0,0,0,0
392,16,0,0,0,0,0,1,0,0,0,0,0,0,0,0,0,0,0,0,0
393,22,0,0,0,0,0,0,0,0,3,0,0,0,0,0,0,0,0,0,0
394,11,0,0,0,0,0,0,0,0,1,0,0,0,0,0,0,0,0,0,0
395,8,0,0,3,0,0,0,0,0,0,0,0,0,0,0,6,0,0,0,0
396,21,0,0,13,0,0,0,0,0,0,0,0,0,0,0,6,0,0,0,0
397,55,0,0,39,0,0,0,0,0,0,0,0,0,0,0,3,0,0,0,0
398,92,0,0,90,0,0,0,0,0,0,0,0,0,0,0,1,0,0,0,0
399,147,0,0,192,0,0,0,0,0,3,0,0,0,0,0,0,0,0,0,0
400,76,0,0,198,0,0,0,0,0,1,0,0,0,0,0,3,0,0,0,0
401,165,0,0,204,0,0,0,0,0,3,0,0,0,0,0,4,0,0,0,0
402,257,0,0,105,0,0,0,0,0,9,0,0,0,0,0,2,0,0,0,3
403,527,0,0,111,0,0,0,0,0,15,0,0,0,0,0,1,0,0,0,4
404,1599,0,0,117,0,0,0,0,0,10,0,0,0,3,0,0,0,0,0,5
405,1605,0,0,123,0,0,0,0,3,16,0,0,0,1,0,0,0,0,0,2
406,4027,0,0,64,0,0,0,0,1,8,0,0,0,3,0,3,0,0,0,1
407,6050,0,0,35,0,0,0,0,3,4,0,0,0,1,0,1,0,0,0,0
408,15141,0,0,20,0,0,0,0,4,2,0,0,0,0,0,0,0,0,0,0
409,15147,0,0,39,0,0,0,0,16,1,0,0,0,0,0,0,0,0,0,0
410,22730,0,0,45,0,0,0,0,11,24,0,0,0,0,0,0,0,0,0,0
411,45472,0,0,77,0,0,0,0,25,76,0,0,0,0,0,0,0,0,0,0
412,90957,0,0,41,0,0,0,0,31,38,0,0,0,0,0,3,0,0,0,0
413,227408,0,0,95,0,0,0,0,15,19,0,0,0,0,0,1,0,0,0,0
414,227414,0,0,50,0,0,3,0,7,9,0,0,0,0,3,0,0,0,0,0
415,341131,0,0,25,0,0,1,0,3,4,0,0,0,0,1,0,0,0,0,0
416,511706,3,0,12,0,0,0,0,14,2,0,0,0,0,0,0,0,0,0,0
417,767568,1,0,28,0,0,0,0,20,8,0,0,0,0,0,0,0,0,0,15
418,767574,0,0,34,0,0,0,0,26,4,0,0,0,0,0,0,0,0,0,31
419,767580,0,0,40,0,0,0,0,49,2,0,0,0,0,0,0,0,0,0,15
420,767586,0,0,46,0,3,0,0,83,1,0,0,0,0,0,0,0,0,0,7
421,767592,0,0,52,0,1,0,0,41,0,0,0,0,0,0,0,0,0,0,3
422,1151397,0,0,29,0,0,0,0,23,0,0,0,0,0,0,0,0,0,0,1
423,1151403,0,0,14,0,0,0,0,11,0,0,0,0,0,0,0,0,0,0,0
424,1727113,0,0,10,0,0,0,0,8,0,0,0,0,0,0,0,0,0,0,0
425,2590679,0,0,16,0,0,0,0,14,0,0,0,0,0,0,0,0,0,0,0
426,3886028,0,0,33,0,0,0,0,20,0,0,0,0,0,0,0,0,0,3,0
427,1943017,3,0,16,0,0,0,0,10,0,0,0,0,0,0,3,0,0,1,0
428,971511,4,6,11,0,0,0,0,5,0,0,0,0,0,0,1,0,0,0,0
429,971517,2,24,8,0,0,0,0,2,0,0,0,0,0,0,0,0,0,0,0
430,971523,1,12,7,0,0,0,3,1,0,0,0,0,0,0,0,0,0,0,0
431,485764,0,9,13,0,0,6,1,0,0,0,0,0,6,0,0,3,0,0,0
432,242885,0,15,19,0,0,6,0,0,3,0,0,0,6,0,0,4,0,0,0
433,364337,0,10,25,0,0,3,0,0,1,0,0,0,6,0,0,10,0,0,0
434,182171,0,33,12,0,0,1,0,0,0,0,0,0,3,0,0,5,0,0,0
435,273266,0,39,37,0,0,3,0,0,3,0,0,0,4,0,0,2,0,3,0
436,546544,0,22,86,0,0,4,0,0,1,0,0,0,10,0,0,1,0,4,0
437,1093101,0,28,139,0,3,5,0,0,0,0,0,0,8,0,0,0,0,5,0
438,2186214,3,86,145,0,1,2,0,6,0,0,0,0,4,0,0,0,0,5,0
439,5465551,4,230,75,0,0,1,0,6,0,0,0,0,2,0,0,0,0,2,0
440,2732775,2,115,37,0,0,0,0,3,0,0,0,0,1,0,0,0,0,1,0
441,1366390,1,57,43,0,0,0,0,1,0,0,0,0,0,0,0,0,0,0,0
442,683198,0,31,21,0,0,0,0,0,0,0,0,0,0,0,0,0,0,0,0
443,341599,0,15,10,0,0,3,0,0,0,0,0,0,0,0,0,3,0,0,0
444,170799,0,7,5,0,0,9,0,0,0,0,0,0,0,0,0,4,0,0,0
445,85399,0,3,2,0,0,15,0,0,0,0,0,0,0,0,0,5,0,0,0
446,42699,0,4,1,0,0,21,0,0,0,0,0,0,0,0,0,5,0,0,0
447,42705,0,5,0,0,0,10,0,0,0,0,0,0,0,0,3,2,0,0,0
448,64067,0,2,0,0,0,8,0,3,0,0,0,0,0,0,1,1,0,0,0
449,64073,0,1,0,0,0,7,0,1,0,0,0,0,0,0,0,0,0,0,0
450,64079,0,0,0,0,0,6,0,0,0,3,0,3,0,0,0,0,0,0,0
451,64085,0,3,0,0,0,3,0,0,0,4,0,4,0,0,0,0,0,0,0
452,64091,0,4,0,0,0,1,0,0,0,5,0,5,0,0,0,0,0,0,0
453,64097,0,2,0,3,0,0,0,0,0,2,0,2,0,0,0,0,0,0,0
454,32048,0,1,0,1,0,0,0,0,0,1,3,1,0,0,0,0,0,0,3
455,16027,0,0,3,0,0,0,0,0,0,0,1,0,0,0,0,0,0,0,4
456,16033,0,0,4,0,3,0,0,0,0,0,0,0,0,0,0,0,0,0,5
457,8016,0,0,5,0,1,0,0,0,0,0,0,0,0,0,0,0,0,3,16
458,8022,0,0,5,0,0,0,0,0,3,0,0,0,0,0,0,0,0,1,8
459,4014,0,6,2,0,0,0,0,0,4,0,0,0,3,0,0,0,0,0,4
460,2007,0,3,1,0,3,0,0,0,2,0,0,0,1,0,0,0,0,0,2
461,1006,0,1,3,0,1,0,0,0,1,0,0,0,0,0,0,0,0,0,1
462,503,0,0,1,0,3,0,0,0,3,0,0,0,0,0,0,0,0,0,0
463,509,0,0,0,0,1,0,0,3,1,0,0,0,0,3,0,0,0,0,0
464,515,0,0,0,0,0,0,0,4,0,0,0,0,0,4,0,0,0,0,0
465,521,0,0,0,0,0,0,0,5,0,0,0,0,0,5,0,0,0,0,0
466,527,0,0,0,0,0,3,0,2,0,0,0,0,0,2,3,0,0,0,0
467,266,0,0,0,0,0,4,0,1,3,0,0,0,0,1,1,0,0,0,0
468,133,0,0,0,0,0,2,0,0,4,0,0,0,0,0,0,0,0,0,0
469,66,0,0,0,0,0,1,0,0,2,0,0,0,0,0,0,0,0,0,0
470,33,0,0,3,0,0,0,0,0,1,0,0,0,0,0,3,0,0,0,0
471,16,0,0,4,0,0,0,0,0,0,0,0,0,0,0,4,0,0,0,0
472,8,0,0,2,0,0,0,0,0,0,0,0,0,0,0,5,0,0,0,0
473,7,0,0,1,0,0,0,0,0,0,0,0,0,0,0,2,0,0,0,0
474,13,0,0,0,0,3,0,0,0,0,0,0,0,0,0,1,0,0,0,0
475,6,0,0,0,0,4,0,0,0,0,0,0,0,0,0,0,0,0,0,0
476,3,0,0,0,0,2,0,0,0,0,3,0,0,0,3,3,0,0,0,0
477,1,0,0,0,0,1,0,0,0,0,4,0,0,0,4,4,0,0,0,0
478,0,0,0,0,0,0,0,0,0,3,2,0,0,0,5,2,0,0,0,0
479,3,0,0,0,0,0,0,0,0,1,1,0,0,0,2,1,0,0,0,0
480,1,0,0,0,0,0,0,0,0,0,0,0,3,0,1,0,0,3,0,0
481,7,0,0,0,0,0,0,0,0,0,0,0,1,0,0,0,0,1,3,0
482,13,0,0,0,0,0,0,0,0,0,0,0,0,3,0,0,0,0,1,3
483,9,0,0,0,0,0,0,0,0,3,0,0,0,1,0,0,0,0,0,1
484,4,0,0,0,0,0,0,0,0,4,0,0,0,0,0,3,0,3,0,0
485,2,0,0,0,0,0,0,0,0,2,0,0,0,0,0,4,3,4,0,0
486,8,0,0,3,0,0,0,3,0,1,0,0,0,0,0,5,1,2,0,0
487,7,0,0,4,0,0,0,1,0,0,0,0,0,0,0,2,0,1,0,0
488,3,0,0,2,0,0,0,0,0,0,0,0,0,0,0,1,0,0,0,0
489,1,0,0,1,0,0,0,0,0,0,0,0,0,0,0,3,0,0,0,0
490,0,0,0,0,0,3,0,3,0,0,0,0,0,0,0,4,0,0,0,0
491,6,0,0,3,0,1,0,4,0,0,0,0,0,0,0,2,0,0,0,0
492,12,3,0,4,0,0,0,2,0,0,0,0,0,0,0,1,0,0,0,0
493,18,4,3,5,0,0,0,1,0,0,0,0,0,0,0,0,0,0,0,0
494,24,5,4,5,0,0,0,0,0,0,0,0,0,0,0,0,0,0,0,0
495,12,5,2,2,0,0,0,0,0,0,0,0,0,0,0,3,0,0,6,0
496,6,5,1,1,0,0,0,0,0,0,0,0,0,0,0,1,0,0,12,6
497,3,2,0,0,0,0,0,0,0,0,0,0,0,0,0,0,0,0,6,18
498,1,1,0,0,0,0,0,0,0,0,0,0,0,0,0,0,0,0,3,24
499,3,0,3,3,0,0,3,0,0,0,0,0,0,0,0,0,0,0,1,15
500,4,0,4,1,0,0,4,0,0,0,0,0,0,0,0,0,0,0,3,7
501,2,0,2,0,0,0,2,0,0,0,0,0,0,0,0,0,0,0,1,3
502,8,0,1,6,0,0,1,3,0,0,0,0,0,0,0,0,0,3,0,1
503,4,0,0,3,0,0,0,1,0,0,3,0,0,0,0,0,0,1,0,0
504,2,3,0,1,0,0,0,0,0,0,1,0,0,0,0,0,0,0,0,0
505,1,4,0,0,0,0,0,0,0,0,0,0,0,0,0,0,0,0,0,0
506,0,2,0,0,0,0,0,0,0,0,0,0,0,0,0,0,0,0,0,0
507,0,1,0,0,0,0,0,0,0,0,0,0,0,0,0,0,0,0,0,0
508,0,0,0,3,0,0,0,0,0,0,0,0,0,0,0,3,0,0,0,0
509,3,3,0,4,0,0,3,0,0,0,0,0,0,0,0,4,3,0,0,0
510,4,1,0,5,0,0,1,3,0,3,0,0,0,0,0,2,1,0,12,0
511,10,0,0,2,0,0,0,1,0,1,0,3,0,3,0,1,0,0,6,6
512,8,0,0,1,0,0,3,0,0,0,0,1,0,1,0,3,0,0,3,18
513,4,0,3,0,0,0,1,0,0,0,0,0,0,0,0,4,0,0,1,24
514,10,0,1,0,0,0,3,0,0,0,0,0,0,0,0,2,0,0,0,12
515,16,0,0,0,0,0,4,3,0,0,0,0,0,0,0,1,0,0,0,6
516,8,0,0,0,0,0,2,1,0,0,0,0,0,0,0,0,0,0,0,3
517,7,3,0,3,0,0,1,0,0,0,0,0,0,3,0,0,0,0,3,1
518,3,1,0,1,0,0,3,3,0,0,0,0,0,1,3,0,0,0,4,0
519,1,0,0,0,0,0,4,9,0,0,0,0,0,0,1,0,0,0,2,0
520,0,3,0,0,0,0,2,7,0,0,3,0,0,0,0,0,0,0,4,0
521,6,1,3,6,0,0,1,6,0,0,1,0,0,0,0,0,0,0,10,0
522,6,0,9,6,3,0,0,3,0,0,0,0,0,3,0,0,0,0,16,0
523,3,0,7,3,4,0,0,1,0,0,0,0,0,9,0,0,0,0,11,0
524,1,0,3,4,2,0,0,3,0,3,0,0,0,4,0,0,0,0,5,0
525,0,0,1,2,1,0,0,1,0,1,0,0,0,2,0,0,0,3,5,3
526,0,0,0,1,0,0,0,0,0,0,0,0,0,1,0,0,3,1,2,1
527,3,3,0,0,0,0,0,3,0,0,3,0,0,0,0,3,1,0,1,3
528,1,1,0,0,0,0,0,1,0,0,4,0,0,0,0,1,0,0,0,4
529,0,3,0,0,0,3,0,0,0,3,2,0,0,0,0,3,0,0,0,2
530,0,4,0,0,0,4,0,0,0,4,1,0,0,0,0,4,0,0,0,1
531,0,5,0,0,0,5,0,0,0,2,0,0,0,0,0,5,0,0,0,0
532,0,2,0,0,0,2,0,0,0,12,0,0,3,3,0,2,0,0,0,0
533,0,1,0,0,0,1,0,0,0,6,0,0,1,1,0,1,0,0,6,6
534,0,3,0,0,0,0,0,0,0,3,0,0,0,0,0,0,0,0,3,12
535,3,1,3,0,0,0,0,0,0,4,0,0,0,0,0,0,0,0,1,6
536,1,3,9,6,0,0,0,0,0,2,0,0,0,0,0,0,0,0,3,3
537,0,4,7,6,0,0,0,0,0,1,0,0,0,3,0,0,3,0,1,1
538,0,2,3,3,0,0,0,0,0,0,0,0,0,1,0,0,1,0,0,0
539,0,1,1,1,0,0,0,0,0,0,0,0,0,0,0,0,0,0,3,0
540,0,0,0,3,0,0,0,0,0,3,0,0,0,0,0,0,0,3,1,0
541,3,3,0,1,0,0,0,0,0,1,0,0,0,0,0,0,0,1,3,0
542,1,4,0,0,0,0,0,0,0,0,0,0,0,0,0,0,0,0,1,0
543,0,2,3,3,0,0,0,0,0,0,0,0,0,0,0,0,0,0,0,0
544,3,1,1,1,0,0,0,3,0,0,0,0,0,0,0,0,0,3,0,0
545,4,0,0,0,0,0,6,4,0,0,0,0,0,0,0,0,0,1,0,0
546,2,0,0,0,3,6,6,5,0,0,0,0,0,0,0,3,0,0,0,0
547,1,0,0,0,4,12,6,5,0,0,0,0,0,0,0,4,0,0,0,0
548,0,0,0,0,2,6,3,2,0,0,0,0,0,0,0,2,0,0,0,0
549,0,3,0,0,1,3,1,1,0,0,0,0,0,0,0,1,0,0,0,0
550,0,1,0,0,0,1,0,0,0,0,0,0,0,0,0,0,0,0,0,0
551,0,0,0,0,0,0,0,0,0,0,0,0,0,3,0,0,0,0,0,0
552,3,0,3,3,0,0,0,0,0,0,0,0,0,1,0,0,0,0,0,0
553,4,0,1,4,0,0,0,0,0,0,0,0,0,0,0,3,0,0,0,0
554,2,0,0,2,0,0,0,0,0,0,0,0,0,0,0,4,0,0,0,0
555,1,0,0,1,0,0,0,0,0,0,0,0,0,0,0,5,0,0,0,0
556,3,3,0,0,0,0,0,0,0,0,0,0,0,0,0,2,0,0,0,0
557,1,1,0,0,0,0,0,3,0,0,0,0,0,0,0,1,3,0,0,0
558,11,0,0,3,0,0,3,1,0,0,0,0,0,0,0,0,1,0,0,0
559,8,0,0,4,0,0,4,0,0,0,0,0,0,0,0,0,0,0,0,0
560,4,0,0,2,0,0,2,3,0,0,0,0,0,0,0,3,3,0,0,0
561,2,0,0,1,0,0,1,1,0,0,0,0,0,0,0,1,1,0,0,0
562,1,0,0,3,0,0,3,0,0,0,0,0,0,0,0,0,0,0,0,0
563,7,0,0,1,0,0,4,3,0,0,0,0,0,0,0,3,0,0,3,0
564,13,3,0,3,0,0,2,1,3,0,0,0,0,0,0,1,3,3,1,0
565,28,1,0,4,0,0,1,0,1,0,0,0,0,0,0,0,1,1,3,0
566,17,0,0,2,0,0,0,0,0,0,0,0,0,0,0,3,0,0,1,0
567,8,0,0,1,0,0,0,0,0,0,0,0,0,3,0,1,0,0,0,0
568,4,0,0,0,0,0,0,3,0,0,0,0,0,4,0,0,0,0,0,0
569,5,0,0,0,0,0,0,1,0,0,0,0,0,2,0,10,0,0,0,0
570,11,0,0,3,0,0,0,0,0,0,0,3,0,4,0,5,0,0,3,0
571,8,0,0,1,0,0,0,0,0,0,0,1,0,2,0,2,0,0,1,0
572,7,0,0,0,0,0,0,0,0,0,3,0,0,1,0,1,0,0,0,0
573,6,0,0,3,0,0,0,0,0,0,1,0,0,3,0,3,0,0,0,0
574,12,0,0,9,0,0,0,0,0,0,0,0,0,1,0,1,0,0,0,0
575,9,0,0,7,0,0,0,0,0,3,0,0,0,0,0,0,0,0,0,0
576,4,0,0,3,0,0,0,0,0,1,0,0,0,0,0,0,0,0,0,0
577,5,0,0,4,0,0,0,0,0,3,0,0,0,0,0,0,0,0,0,0
578,11,6,0,10,0,0,0,3,0,1,0,0,0,0,0,0,0,0,0,0
579,5,3,0,5,0,0,0,1,0,3,0,0,0,0,0,3,0,3,0,0
580,2,1,0,2,0,0,0,0,0,4,0,0,0,0,0,9,0,1,0,0
581,1,0,0,1,0,0,0,0,0,2,0,0,0,0,0,4,0,0,0,0
582,0,0,0,0,0,0,0,0,0,1,0,0,0,0,0,2,0,0,0,3
583,0,0,0,0,0,0,0,0,0,0,0,0,0,0,0,1,0,0,0,4
584,0,0,0,0,0,0,0,0,0,0,0,0,0,0,0,0,3,0,0,2
585,3,0,0,0,0,0,6,0,0,0,0,0,0,3,0,0,1,0,0,1
586,9,0,0,6,0,0,3,3,0,0,0,0,0,1,0,0,0,0,0,0
587,15,0,0,6,0,0,1,1,0,0,0,0,0,0,0,3,0,0,0,0
588,7,0,0,3,0,3,0,0,0,0,0,0,0,0,0,1,0,0,0,0
589,3,0,0,1,0,1,0,0,0,0,0,0,0,0,0,0,0,0,0,0
590,4,0,0,0,0,0,0,0,0,0,0,0,0,3,0,3,0,0,0,0
591,2,0,0,0,0,0,0,0,0,0,0,0,0,9,0,1,0,0,0,0
592,1,0,0,0,0,0,0,0,0,0,0,0,0,7,0,0,0,0,0,0
593,0,0,3,0,0,0,0,0,0,0,0,0,0,6,0,0,0,0,3,0
594,0,3,1,0,0,0,0,0,0,0,0,0,0,6,0,0,0,0,1,0
595,0,4,0,0,0,0,0,0,0,0,0,0,0,3,0,3,3,0,0,0
596,0,2,0,0,0,0,0,0,0,0,0,0,0,1,0,4,4,0,0,0
597,0,1,0,0,0,0,0,3,0,0,0,0,0,0,0,2,2,0,0,0
598,0,0,0,0,0,0,3,4,0,0,0,0,0,0,0,1,1,0,0,0
599,0,0,0,3,0,0,1,2,0,0,0,0,0,0,0,7,0,6,0,3
600,0,0,0,1,0,0,0,1,0,6,0,0,0,0,0,6,0,3,0,1
601,0,0,0,0,0,0,0,0,0,3,0,0,0,0,0,6,0,1,0,0
602,0,0,0,3,0,0,0,0,0,1,0,0,0,3,0,6,0,0,0,3
603,0,0,0,1,0,0,0,0,3,0,0,0,0,1,0,12,3,0,0,1
604,3,0,0,0,0,0,6,0,1,3,0,0,0,0,0,6,1,0,3,0
605,1,0,0,0,0,0,6,0,0,4,0,0,0,0,0,6,0,0,4,0
606,3,0,0,0,0,0,3,3,0,2,0,0,0,0,0,3,0,0,5,0
607,4,0,3,6,0,0,1,1,0,8,0,0,0,0,0,1,0,0,2,3
608,5,0,9,18,0,0,0,0,0,14,0,0,0,0,0,0,0,0,1,4
609,2,0,15,24,0,0,0,0,0,30,0,0,0,0,0,3,0,0,0,10
610,1,0,7,12,0,0,0,6,0,36,0,0,0,0,0,4,3,0,0,8
611,0,0,3,9,0,0,0,24,0,63,0,0,0,0,0,2,1,0,0,7
612,0,0,1,7,0,0,0,30,0,34,0,0,0,0,0,1,0,0,0,3
613,0,0,0,6,0,0,0,18,0,20,0,0,0,3,0,3,0,0,0,4
614,3,0,0,6,0,0,0,24,0,10,0,0,0,4,0,1,0,0,0,2
615,4,0,3,6,0,0,0,30,0,5,0,0,0,2,0,3,0,0,3,1
616,5,0,4,6,0,0,0,72,0,2,0,0,0,1,0,4,0,0,1,0
617,5,0,2,6,0,0,3,39,0,4,0,0,0,3,0,2,0,0,0,0
618,5,0,1,6,0,0,1,22,3,5,0,0,0,4,0,1,0,0,0,0
619,5,0,3,6,0,0,0,14,1,2,0,0,0,5,0,0,0,0,3,3
620,5,0,1,12,0,0,0,10,0,1,0,0,0,11,0,3,0,0,4,1
621,5,0,0,27,0,0,0,8,0,0,0,0,0,8,0,4,0,0,10,0
622,2,0,0,16,0,0,0,14,0,0,0,0,0,4,0,2,0,0,8,3
623,1,0,3,11,0,0,0,10,0,0,0,0,0,5,0,8,0,0,4,4
624,0,0,4,8,0,0,0,5,0,9,0,0,0,11,0,4,0,0,2,2
625,3,0,2,7,0,0,0,2,0,4,0,0,0,8,0,10,0,0,1,1
626,4,0,8,6,0,0,0,12,0,5,0,0,0,4,0,5,0,0,0,0
627,16,0,7,12,0,0,0,28,0,2,0,0,0,2,0,5,0,0,0,0
628,8,0,3,9,0,0,0,85,0,1,0,0,0,1,0,2,0,0,0,0
629,4,0,1,4,0,0,0,91,0,0,0,0,0,0,0,4,0,0,0,0
630,5,0,0,2,0,0,0,45,0,0,0,0,0,0,0,2,0,0,0,0
631,2,0,0,1,0,0,0,22,0,0,0,0,0,0,0,4,3,0,0,0
632,1,0,0,0,0,0,0,11,0,0,0,0,0,6,0,10,4,0,0,3
633,0,0,0,0,0,0,0,5,0,0,0,0,0,6,0,8,2,0,0,4
634,0,0,0,0,0,0,0,5,0,6,0,0,0,6,0,7,1,3,0,2
635,3,3,0,0,0,0,0,2,0,3,0,0,0,3,0,3,0,1,0,1
636,22,1,0,6,0,0,0,1,0,1,0,0,0,1,0,9,0,0,0,3
637,28,0,0,3,0,0,0,3,0,0,0,0,0,0,0,7,0,0,0,1
638,69,0,0,9,0,0,0,4,0,0,0,0,0,0,0,3,0,0,0,0
639,151,0,0,15,0,0,0,5,0,0,0,0,0,0,0,1,0,0,0,0
640,75,0,3,7,0,0,0,2,0,0,0,0,0,0,0,0,0,0,0,0
641,40,3,1,6,0,0,0,1,0,0,0,0,0,0,0,0,0,0,0,3
642,46,1,0,6,0,0,0,0,0,0,0,0,0,0,0,0,0,0,0,1
643,23,0,0,6,0,0,0,0,0,0,0,0,0,0,0,3,0,0,3,0
644,11,0,0,3,0,0,0,0,0,0,0,3,0,3,0,9,0,0,1,3
645,17,0,0,1,0,0,0,0,0,0,0,1,0,1,0,4,0,0,0,1
646,8,0,0,0,0,0,0,0,0,0,0,0,0,0,0,2,0,0,0,0
647,14,0,3,3,0,0,0,0,0,0,0,0,0,0,0,4,0,0,6,3
648,7,0,1,1,0,0,0,0,0,0,0,0,0,0,0,2,0,0,3,1
649,3,0,3,0,0,3,0,0,0,0,0,0,0,0,0,1,0,0,1,7
650,1,0,1,0,0,1,0,0,0,0,0,0,0,0,3,3,0,0,0,6
651,0,0,0,0,0,0,0,0,0,0,0,0,0,0,1,4,0,0,0,3
652,0,0,0,0,0,0,0,0,0,0,0,0,0,0,0,2,0,0,3,4
653,0,0,0,0,0,0,0,0,0,0,0,0,0,0,0,1,0,0,4,5
654,0,0,3,0,0,0,0,0,0,0,0,0,0,0,0,0,0,0,2,2
655,0,0,1,0,0,0,0,3,0,3,0,0,0,0,0,0,0,0,1,4
656,3,0,0,3,0,0,0,1,0,1,0,0,0,0,0,3,0,0,0,2
657,1,0,0,1,0,3,0,0,0,0,0,0,0,0,0,1,0,0,3,1
658,0,0,0,0,0,4,0,0,0,0,0,0,0,0,0,0,0,0,4,0
659,0,0,0,0,0,2,0,0,0,0,6,0,0,0,0,3,0,0,2,0
660,0,3,0,0,0,1,0,0,0,0,6,0,0,0,0,1,0,0,4,0
661,3,1,0,0,0,0,3,0,0,0,3,0,0,0,0,0,0,3,2,0
662,9,0,0,0,0,0,4,0,0,0,1,0,0,0,0,0,0,4,1,0
663,22,0,0,0,0,0,2,0,0,0,0,3,0,0,0,0,0,2,0,3
664,11,0,3,0,0,0,4,0,0,0,3,1,0,0,0,0,0,1,0,1
665,5,0,1,0,0,0,5,0,0,0,1,0,0,0,0,0,0,0,0,0
666,5,3,3,0,0,0,5,0,0,0,0,0,0,0,0,0,0,0,0,0
667,2,1,19,0,0,0,2,3,0,0,0,0,0,0,0,3,0,0,0,0
668,1,0,63,0,0,0,1,4,0,0,0,0,0,0,0,4,0,0,0,0
669,0,0,69,0,0,0,0,2,0,0,0,0,0,0,0,2,0,0,0,0
670,3,0,34,0,0,0,0,1,0,3,0,0,0,0,3,4,0,0,0,3
671,1,0,17,0,0,0,0,3,0,4,0,0,0,0,1,5,0,0,0,9
672,0,0,11,0,0,0,0,1,0,2,3,0,0,0,0,5,0,0,0,4
673,6,0,5,0,0,0,3,0,0,1,1,0,0,0,0,2,0,0,0,2
674,3,0,2,0,0,0,1,0,0,0,0,0,0,0,0,1,0,0,0,1
675,1,0,1,0,0,0,0,0,0,3,0,0,0,0,0,0,0,0,0,0
676,7,0,0,3,0,0,0,0,0,1,0,0,0,0,0,0,0,0,0,0
677,6,0,0,1,0,0,0,0,0,0,0,0,0,6,0,3,0,0,0,0
678,3,0,0,0,0,3,0,0,0,0,0,0,0,3,0,1,0,0,0,0
679,9,0,3,3,0,1,0,0,0,0,0,0,0,1,0,0,0,0,0,0
680,4,0,1,1,0,0,0,0,0,0,0,0,0,0,0,0,0,0,0,0
681,2,0,0,0,0,0,0,0,0,0,0,0,0,0,0,0,0,0,0,0
682,8,0,0,0,0,0,0,0,0,0,0,0,0,6,0,3,0,0,0,0
683,4,0,0,0,0,0,0,3,0,0,0,0,0,3,0,1,0,0,0,0
684,2,0,0,0,0,0,0,1,0,0,0,3,0,4,0,3,0,0,0,3
685,4,0,0,6,0,0,0,0,0,0,0,1,0,2,0,1,0,0,0,1
686,10,0,0,6,0,0,0,0,0,0,0,0,0,1,0,0,0,0,0,0
687,5,0,0,3,0,0,0,0,0,0,0,0,0,0,0,0,3,0,0,3
688,2,0,0,1,0,0,0,3,0,0,0,0,0,0,0,0,1,0,0,1
689,1,0,0,0,0,0,0,4,0,0,0,0,0,0,0,0,0,0,0,0
690,3,0,0,0,0,0,0,2,0,0,0,0,0,0,0,0,0,0,0,0
691,1,0,0,0,0,0,0,1,0,0,0,0,0,0,0,0,0,0,0,3
692,0,0,0,0,0,0,0,0,0,0,0,0,0,0,0,0,0,0,0,1
693,3,0,0,0,0,0,0,0,0,0,0,0,0,3,0,0,0,0,0,0
694,1,3,0,0,0,0,0,0,3,0,0,0,0,1,0,3,0,0,0,0
695,3,4,0,0,0,0,0,0,1,0,0,0,0,0,0,1,0,0,0,0
696,1,5,0,0,0,0,0,0,0,0,0,0,0,3,0,0,0,0,0,0
697,7,5,0,3,0,6,0,0,0,0,0,0,0,1,0,0,0,0,0,0
698,6,2,0,1,0,3,0,0,0,0,0,0,0,7,0,0,0,0,0,0
699,3,1,0,0,0,1,0,0,0,3,0,0,0,6,0,0,0,0,0,0
700,1,0,0,0,0,0,0,0,0,4,0,0,0,12,0,0,0,0,0,0
701,3,0,0,6,0,0,0,0,0,2,0,0,0,18,0,0,0,0,0,0
702,14,3,0,6,0,0,0,0,3,1,0,0,0,12,0,0,0,0,0,0
703,7,1,0,3,0,0,0,0,1,0,0,0,0,6,0,0,0,0,3,0
704,20,0,0,1,0,0,3,0,3,0,0,0,0,6,0,0,0,0,1,0
705,39,0,0,0,0,0,4,0,1,0,0,0,0,6,0,0,0,0,0,0
706,22,0,0,0,0,0,5,0,0,0,0,3,0,6,3,3,0,0,0,0
707,14,15,0,0,0,0,5,0,0,0,0,4,0,12,1,1,0,0,0,0
708,7,52,0,0,0,0,2,0,3,0,0,2,0,27,0,0,0,0,0,0
709,3,146,0,0,0,0,1,0,4,0,0,1,0,49,0,0,0,0,0,0
710,1,304,0,0,0,0,0,0,5,0,0,0,0,55,0,0,0,0,0,0
711,0,152,0,0,0,0,0,0,5,3,0,0,0,27,0,3,0,0,0,0
712,6,76,0,0,0,0,0,0,5,4,0,0,0,13,0,1,0,0,0,0
713,12,38,0,3,0,0,0,0,5,2,0,0,0,6,0,0,0,0,0,0
714,6,19,0,4,0,0,0,0,2,1,0,0,0,3,0,0,0,0,0,0
715,3,9,0,2,0,0,0,0,1,7,0,0,0,1,0,3,0,0,0,0
716,1,4,0,1,0,0,0,0,0,3,0,3,0,0,0,1,0,0,0,0
717,0,2,0,0,0,0,0,0,0,1,0,1,0,0,0,0,0,0,0,0
718,0,1,0,0,0,0,0,0,0,0,0,0,0,0,0,0,0,0,0,0
719,0,0,0,0,0,0,0,0,0,6,0,0,0,0,0,0,0,0,0,0
720,0,0,0,0,0,0,0,0,0,3,0,0,0,0,0,0,0,0,0,0
721,0,0,0,0,0,0,0,0,0,1,0,0,0,0,0,0,0,0,0,0
722,3,0,0,0,0,0,0,0,0,0,0,0,0,0,0,0,0,0,0,0
723,13,0,0,9,0,0,0,0,0,3,0,0,0,0,0,0,0,0,0,0
724,9,0,0,15,0,0,0,0,0,1,0,0,0,0,0,0,0,0,0,0
725,4,0,0,7,0,0,0,0,0,0,0,0,0,0,0,6,0,0,0,0
726,2,0,0,3,0,0,0,0,0,0,0,0,0,0,0,3,0,0,0,0
727,1,0,0,1,0,0,0,0,0,0,0,0,0,0,3,1,0,3,0,0
728,0,0,0,0,0,0,0,0,0,0,0,3,0,0,1,0,0,1,3,0
729,0,0,0,0,0,0,0,0,0,0,0,4,0,0,0,0,0,3,1,0
730,12,0,0,0,0,0,0,0,0,0,0,2,0,0,0,0,0,1,3,0
731,9,0,0,0,0,0,0,0,0,0,0,1,0,0,0,0,0,0,4,0
732,4,0,0,0,0,0,0,0,0,0,0,0,0,0,0,3,0,0,2,0
733,5,0,0,0,0,0,0,0,0,0,0,0,0,0,0,1,0,0,1,0
734,2,0,0,0,0,0,0,0,3,0,0,0,0,0,0,11,0,0,0,0
735,1,0,0,0,3,0,0,0,1,0,0,0,0,0,0,5,0,0,0,0
736,0,0,0,0,4,0,0,0,0,0,0,0,0,0,0,5,0,0,0,0
737,0,0,0,0,2,0,0,0,0,0,0,0,0,0,0,2,0,0,0,0
738,0,0,0,0,1,0,0,0,0,0,0,0,0,0,0,1,0,0,0,0
739,0,0,0,0,0,0,0,0,0,0,0,0,0,0,0,0,0,0,0,0
740,3,0,0,0,0,0,0,0,0,3,0,0,0,0,0,0,0,0,3,3
741,13,0,0,0,0,0,0,0,0,1,0,0,0,0,0,0,0,0,4,1
742,39,0,0,0,0,0,0,0,0,0,0,0,0,0,0,0,0,0,2,0
743,19,0,0,0,0,0,0,0,0,0,0,0,0,0,0,0,0,0,1,0
744,9,0,0,0,0,0,0,0,0,0,0,0,0,0,0,3,0,0,0,0
745,7,0,0,0,0,0,0,0,0,3,0,3,3,0,0,4,0,0,0,0
746,3,0,0,0,0,0,0,0,0,1,0,4,4,0,0,2,0,3,0,0
747,19,0,0,9,0,0,0,0,3,0,0,2,2,0,0,1,0,1,0,0
748,51,0,0,22,0,0,0,0,1,0,0,1,1,0,0,0,0,0,0,0
749,28,0,0,11,0,0,0,0,0,0,0,0,0,0,0,0,0,0,0,0
750,17,0,0,5,0,0,0,0,0,0,0,0,0,0,0,0,0,0,0,0
751,8,0,0,2,0,0,0,0,0,0,0,0,0,0,0,0,0,0,0,0
752,4,0,0,1,0,0,0,0,0,3,0,0,0,0,0,0,0,0,0,0
753,5,0,0,7,0,0,0,0,0,4,0,0,0,0,0,0,0,0,0,0
754,5,0,0,13,0,0,0,0,0,2,0,0,0,0,0,0,0,0,0,0
755,23,0,0,9,0,0,0,0,0,4,0,3,0,0,0,0,0,0,0,0
756,29,0,0,7,0,0,0,0,0,5,0,4,0,0,0,0,0,0,0,0
757,35,0,0,3,0,0,0,0,3,11,0,2,0,0,0,3,0,0,0,0
758,20,0,0,4,0,0,0,0,1,5,0,1,0,0,0,1,0,0,0,0
759,10,0,0,2,0,0,0,0,0,2,0,7,0,0,0,0,0,0,0,0
760,5,0,0,1,0,0,0,0,0,1,0,13,0,0,0,0,0,0,0,0
761,2,0,0,0,6,0,0,0,0,0,0,6,0,0,0,0,0,0,0,0
762,1,0,0,0,3,0,0,0,0,0,0,3,0,0,0,0,0,3,0,0
763,0,0,0,0,1,0,0,0,0,0,0,1,0,0,0,0,0,1,0,0
764,0,0,0,0,0,0,0,0,0,0,0,0,0,0,3,0,0,0,0,0
765,0,0,0,0,0,0,0,0,0,3,0,0,0,0,1,0,0,0,0,0
766,0,0,0,0,3,0,0,0,0,4,0,0,0,0,0,0,0,0,0,0
767,0,0,0,0,1,0,0,0,0,5,0,3,0,0,3,0,0,0,0,0
768,0,0,0,0,0,0,0,0,0,5,0,4,0,0,4,0,0,0,0,0
769,3,0,0,0,0,0,0,0,0,2,0,2,0,0,2,3,0,0,0,0
770,4,0,0,0,0,0,0,0,0,1,0,1,3,0,1,1,0,0,0,0
771,5,0,0,0,0,0,0,0,0,0,0,0,9,0,0,3,0,0,0,0
772,2,0,0,0,0,0,0,0,0,0,0,0,7,0,0,4,0,3,0,0
773,1,0,0,0,0,0,0,0,0,0,0,0,3,0,0,2,0,4,0,0
774,0,0,0,0,0,0,0,0,0,0,0,0,1,0,0,1,0,2,0,0
775,3,0,0,9,0,0,0,0,0,3,0,3,0,0,0,0,0,1,0,0
776,18,0,0,30,0,0,0,0,0,9,0,1,0,0,0,0,0,0,0,3
777,24,0,0,36,0,0,0,0,0,7,0,7,0,0,0,0,0,0,0,9
778,12,0,0,21,0,0,0,0,0,6,0,3,12,0,0,0,0,0,0,7
779,6,0,0,27,0,0,0,0,0,6,0,1,36,0,0,0,0,0,0,20
780,3,0,0,33,0,0,0,0,0,6,0,0,63,0,0,0,0,0,0,39
781,4,0,0,39,0,0,0,0,0,6,0,0,34,0,0,0,0,0,0,19
782,5,0,0,67,0,0,0,0,0,3,0,0,17,0,0,6,0,0,0,9
783,5,0,0,73,0,0,0,0,0,1,0,0,8,0,0,12,0,0,0,4
784,5,0,0,39,0,0,0,0,0,0,0,0,4,0,0,18,0,0,0,2
785,17,0,0,22,0,0,0,0,0,0,0,0,2,0,0,12,0,0,0,1
786,8,0,0,11,0,0,0,0,0,0,0,0,1,0,0,6,0,0,0,0
787,4,0,0,5,0,0,0,0,0,0,0,0,0,0,0,3,0,0,0,0
788,2,0,0,2,0,0,0,9,0,0,0,0,0,0,3,1,0,3,0,0
789,4,0,0,4,0,0,0,4,0,0,0,0,0,0,1,0,0,1,0,0
790,2,0,0,2,0,0,0,2,0,0,0,0,0,0,0,0,0,0,0,0
791,1,0,0,1,0,0,0,1,0,0,0,0,0,0,0,0,0,0,0,0
792,0,0,0,0,0,0,0,0,0,0,0,0,0,0,0,0,0,0,0,0
793,6,0,0,0,0,0,0,0,0,0,0,0,0,0,0,0,0,0,0,3
794,25,0,0,6,0,0,0,0,0,0,0,0,0,0,0,0,0,3,0,1
795,62,0,0,12,0,0,0,0,0,0,0,0,0,0,0,0,0,4,0,0
796,31,0,0,6,0,0,0,0,0,3,0,0,3,0,0,0,0,2,3,0
797,18,0,0,6,0,0,3,0,0,1,0,0,1,0,0,0,0,1,1,0
798,24,0,0,6,0,0,1,0,0,0,0,0,0,0,0,0,0,0,0,0
799,30,0,0,3,0,0,0,0,0,0,0,0,0,0,0,0,0,0,0,0
800,18,0,0,4,0,0,0,0,0,9,0,6,0,0,0,0,0,0,0,0
801,12,0,3,10,0,0,0,0,3,4,0,6,0,0,0,0,0,0,0,0
802,6,0,1,5,0,3,0,0,4,5,0,6,0,0,0,0,0,0,0,0
803,3,0,0,2,0,1,0,0,2,2,0,3,0,0,0,0,0,0,0,0
804,4,0,0,1,0,0,0,0,1,4,0,4,0,0,0,0,0,0,3,0
805,2,0,0,0,0,0,0,0,0,2,0,2,0,0,0,0,0,0,4,0
806,4,0,0,0,0,0,0,0,0,1,0,1,0,0,0,0,0,0,5,0
807,10,0,0,0,0,0,0,0,0,0,0,0,0,0,0,0,0,0,2,0
808,8,0,0,0,0,0,0,0,0,0,0,0,0,0,0,0,0,0,4,0
809,28,0,0,3,0,0,0,0,3,3,0,0,0,0,0,0,0,0,2,0
810,17,3,0,4,0,0,0,0,1,9,0,6,0,0,0,0,0,0,1,0
811,57,1,0,5,0,0,0,0,0,22,0,3,0,0,0,0,0,0,0,0
812,95,0,0,5,0,0,0,0,0,28,0,1,3,0,0,3,0,0,0,0
813,101,0,0,5,0,0,0,0,0,34,0,0,1,0,0,4,0,0,0,0
814,53,0,0,2,0,0,0,0,0,17,0,0,0,0,0,2,0,0,0,0
815,59,0,0,1,0,0,0,0,0,11,0,0,0,0,0,1,0,0,0,0
816,65,0,0,3,0,0,0,0,0,8,0,0,0,0,0,0,0,0,0,0
817,143,0,0,4,0,0,0,0,0,14,0,0,0,0,0,0,0,0,0,0
818,71,0,0,10,0,0,0,0,0,20,0,0,0,0,0,0,0,0,0,0
819,35,0,0,5,0,0,0,0,0,10,0,0,0,0,0,0,0,0,0,0
820,17,0,0,2,0,0,0,0,0,5,0,0,0,0,0,0,0,0,0,0
821,35,0,0,4,0,0,0,0,0,22,0,0,0,0,0,0,0,0,0,3
822,62,0,0,2,0,0,0,0,0,42,0,0,0,0,0,0,0,0,0,1
823,68,3,0,4,0,0,0,0,0,21,0,0,0,0,0,0,0,0,0,0
824,112,1,0,5,0,0,0,0,0,13,0,0,0,0,0,3,0,0,0,6
825,59,0,0,2,0,0,0,0,0,6,0,0,0,0,0,4,0,0,0,3
826,97,0,0,1,0,0,0,0,0,3,0,0,0,0,3,2,0,0,0,1
827,103,0,0,0,0,0,0,0,0,1,0,0,0,0,1,1,0,0,0,0
828,54,0,0,3,0,0,0,0,0,3,0,0,3,0,0,0,0,0,0,0
829,27,0,0,1,0,0,0,0,0,1,0,0,1,0,0,0,0,0,0,0
830,13,0,0,0,0,0,0,0,0,0,0,0,0,0,0,0,0,0,0,0
831,9,0,0,0,0,0,0,0,0,0,0,0,0,0,0,0,0,3,0,0
832,7,0,0,0,0,0,0,0,3,0,0,0,0,0,0,3,0,1,0,0
833,6,0,0,0,0,0,0,0,1,0,0,0,0,0,0,4,0,0,0,0
834,6,0,0,0,0,0,0,0,0,0,0,0,0,0,0,2,0,0,0,0
835,12,0,0,0,0,0,0,0,0,0,0,0,0,0,0,1,0,0,0,0
836,18,0,0,0,0,0,0,0,0,0,0,0,0,0,0,0,0,0,0,0
837,12,0,0,6,3,0,0,0,0,9,0,0,0,0,0,0,0,0,0,0
838,9,0,0,12,4,0,0,0,0,22,0,0,0,0,0,0,0,0,0,0
839,4,0,0,6,2,0,0,0,0,11,0,0,0,0,0,3,0,0,0,0
840,2,0,0,6,1,0,0,3,0,5,0,0,0,0,0,1,0,0,0,0
841,16,0,0,6,0,0,0,1,0,5,0,0,0,0,0,0,0,0,0,0
842,11,0,0,3,0,0,0,0,0,2,0,0,0,0,0,0,0,0,0,9
843,5,0,0,1,0,0,0,0,0,1,0,0,0,0,0,0,0,0,0,15
844,2,0,0,0,0,0,0,3,0,0,0,0,0,0,0,0,0,0,0,7
845,1,0,0,6,0,0,0,4,0,0,0,0,0,0,0,0,0,0,0,3
846,0,0,0,3,0,0,0,2,0,3,0,3,0,0,0,0,0,0,0,1
847,0,0,0,4,0,0,0,1,0,1,0,1,0,0,0,0,0,0,0,0
848,3,0,0,5,0,0,0,0,0,0,0,0,0,0,0,0,0,0,0,0
849,4,0,0,5,0,0,0,0,0,0,0,0,0,0,0,0,0,0,0,0
850,5,0,0,5,0,0,0,0,0,0,0,0,0,0,0,0,0,0,0,0
851,5,0,0,5,0,0,0,0,0,0,0,0,0,0,0,0,0,0,0,0
852,2,0,0,2,0,0,0,0,3,0,0,0,0,0,0,0,0,0,0,0
853,1,0,0,1,0,0,0,0,4,0,0,0,0,0,0,0,0,0,0,0
854,3,0,0,0,0,0,0,3,2,0,0,0,0,0,0,0,0,0,0,0
855,1,0,0,0,0,0,0,4,1,0,0,0,0,0,0,0,0,0,0,0
856,0,0,0,0,0,0,0,2,0,0,0,0,0,0,0,0,0,0,0,0
857,0,3,0,0,0,0,0,1,0,0,0,0,0,0,0,0,0,0,0,0
858,0,1,0,0,0,0,0,0,0,0,0,0,0,0,0,3,0,0,0,0
859,3,0,0,0,0,0,0,0,0,3,0,3,0,0,0,4,0,0,0,0
860,1,0,0,0,0,0,0,0,0,1,0,1,0,0,0,2,0,0,0,0
861,0,0,0,0,0,0,0,0,3,7,0,0,0,0,0,1,0,0,0,0
862,10,0,0,0,0,0,0,6,1,13,0,3,0,0,0,3,0,0,0,0
863,16,0,0,0,0,0,0,6,0,19,0,1,0,0,0,1,0,0,0,0
864,22,0,0,0,0,0,0,3,0,25,0,0,0,0,0,0,0,0,0,0
865,11,0,0,0,0,0,0,1,0,15,0,0,0,0,0,0,0,0,0,0
866,5,0,0,0,0,0,0,0,0,10,0,0,0,0,0,0,3,0,0,0
867,2,0,0,0,0,0,0,0,0,5,0,0,0,0,0,6,1,0,0,0
868,4,0,0,0,0,3,0,3,0,5,0,0,0,0,0,3,0,0,0,0
869,2,0,0,3,0,1,0,1,0,2,0,0,0,0,0,4,0,0,0,0
870,1,0,0,1,0,3,0,0,0,1,0,0,0,0,0,2,0,0,3,0
871,3,0,0,0,0,1,3,0,0,0,0,0,0,0,0,1,0,0,1,0
872,9,0,0,0,0,0,1,0,3,3,0,0,0,0,0,0,0,0,0,0
873,7,0,0,0,0,0,0,3,1,1,0,0,0,0,0,0,0,0,0,0
874,6,0,0,3,0,0,0,1,0,0,0,3,0,0,0,0,0,0,0,0
875,6,0,3,1,0,0,0,0,0,0,0,1,0,0,0,0,0,0,0,0
876,3,0,1,0,0,0,0,0,0,0,0,0,0,0,0,0,0,0,0,0
877,4,0,0,0,0,0,0,0,0,0,0,0,0,0,0,0,0,0,0,0
878,5,0,0,0,0,0,0,0,0,3,0,0,0,0,0,0,0,0,0,0
879,5,0,0,0,0,0,0,0,0,9,0,0,0,0,0,0,0,0,0,0
880,2,0,0,0,0,0,0,0,0,7,0,0,0,0,0,0,0,0,0,0
881,1,0,0,0,0,0,0,0,0,6,0,0,0,0,0,0,0,0,0,0
882,0,0,0,0,3,0,0,0,0,3,0,0,0,0,0,0,0,0,0,0
883,0,0,0,0,4,0,0,0,0,1,0,0,0,0,0,0,0,0,0,0
884,0,3,0,0,2,0,3,0,6,0,0,3,0,0,0,0,0,0,0,0
885,3,1,0,3,1,0,1,0,3,0,3,1,0,0,0,0,0,0,0,0
886,1,0,0,1,0,0,0,0,1,0,1,0,0,0,0,0,0,0,0,0
887,0,0,0,0,0,9,0,3,0,3,0,0,0,0,0,0,0,0,0,0
888,0,0,0,0,0,4,0,1,0,1,0,0,0,0,0,0,0,0,0,0
889,3,0,0,0,0,2,0,0,0,0,0,0,3,0,0,0,0,3,0,0
890,1,0,0,0,0,1,0,6,0,0,0,3,1,0,0,0,0,1,0,0
891,3,0,0,0,0,3,0,12,0,0,0,13,0,0,0,0,0,0,0,0
892,4,0,0,0,0,9,0,6,0,0,0,39,0,0,0,0,0,0,0,0
893,5,0,0,0,0,23,0,3,0,0,0,67,0,0,0,0,0,0,0,0
894,5,0,0,6,0,11,0,1,0,3,0,33,0,0,0,0,0,0,0,0
895,11,0,0,3,0,8,0,0,0,1,0,16,0,0,0,0,0,0,0,0
896,17,0,0,1,0,7,0,0,0,0,0,8,0,0,0,0,0,0,0,0
897,11,0,3,0,0,6,0,0,0,0,0,4,0,0,0,0,0,0,0,0
898,26,0,4,0,0,3,0,0,0,0,0,2,0,0,0,0,0,0,0,0
899,49,0,2,0,0,1,0,0,0,0,0,4,0,0,0,0,0,0,0,0
900,55,0,1,3,0,0,0,0,0,0,0,5,0,0,0,0,0,0,0,0
901,122,0,0,1,0,0,0,0,0,0,0,11,0,0,0,3,0,0,0,0
902,61,0,0,0,0,3,0,0,0,0,0,5,3,0,0,1,0,0,0,0
903,30,0,0,0,0,1,0,0,3,3,0,2,1,0,0,0,0,6,0,0
904,15,0,0,0,0,0,0,0,1,1,0,1,0,0,0,0,0,3,0,0
905,7,0,0,0,0,3,0,0,0,0,0,0,0,0,0,0,0,1,0,0
906,13,3,0,0,0,1,0,0,0,0,0,3,0,0,0,3,0,0,0,0
907,9,4,0,0,0,0,0,0,0,0,0,4,0,0,0,4,0,0,0,0
908,15,2,0,3,0,3,0,0,6,3,0,2,0,0,0,2,0,0,0,0
909,7,1,0,1,0,1,0,0,3,1,6,1,0,0,0,8,0,0,0,0
910,6,0,0,0,0,0,0,0,1,0,3,0,0,0,0,4,0,0,0,0
911,6,0,0,0,0,0,0,0,0,0,1,0,0,0,0,2,0,0,3,0
912,6,3,0,0,0,0,0,0,0,0,0,0,0,0,0,1,0,0,1,0
913,6,1,0,3,0,0,0,0,0,0,0,0,0,0,0,0,0,0,0,0
914,6,0,0,1,0,0,0,0,0,0,0,0,0,0,0,0,0,0,0,0
915,12,0,0,0,0,0,0,0,0,0,0,0,0,0,0,0,0,0,6,0
916,6,0,0,0,0,0,0,0,0,3,0,3,0,0,0,0,0,0,6,0
917,6,0,0,0,0,3,0,0,6,1,0,1,0,0,0,0,0,0,3,0
918,6,0,0,0,3,1,0,0,6,0,0,0,0,0,0,0,0,0,1,0
919,6,0,0,0,1,0,0,0,3,0,0,0,0,0,0,0,0,0,0,3
920,3,0,0,0,0,3,0,3,1,0,0,3,0,0,0,0,0,0,0,1
921,13,0,0,0,0,4,0,1,0,0,0,1,0,0,0,0,0,0,0,0
922,19,0,0,0,0,2,0,0,0,0,0,0,0,0,0,0,0,0,0,0
923,12,0,0,0,0,4,0,0,0,0,0,0,0,0,0,3,0,0,3,0
924,9,0,3,0,0,2,0,0,0,0,0,0,0,0,0,1,0,0,1,0
925,4,0,1,0,0,1,0,0,0,0,0,0,0,0,0,0,0,0,0,0
926,5,0,0,0,0,0,0,3,0,0,0,0,0,0,0,0,0,0,0,0
927,5,0,0,0,0,0,0,4,0,3,0,0,0,0,0,0,0,0,0,0
928,2,0,3,0,0,0,0,2,0,1,0,0,0,0,0,0,0,0,0,0
929,1,0,4,0,0,0,0,1,0,0,0,0,0,0,0,0,0,0,3,0
930,3,0,2,0,0,0,0,0,0,0,0,0,0,0,0,0,0,0,1,0
931,1,0,1,0,0,0,0,0,0,0,0,0,0,0,0,0,0,0,0,0
932,3,0,0,0,0,0,0,0,0,0,0,0,0,0,0,0,0,0,0,0
933,4,0,0,0,0,0,0,0,0,0,0,0,0,0,0,0,0,0,0,0
934,5,0,0,0,0,0,0,0,0,0,0,0,0,0,0,0,0,0,0,0
935,11,0,0,0,0,0,0,0,0,0,3,0,0,0,0,0,0,0,0,0
936,17,0,0,0,0,0,0,0,0,0,9,0,0,0,0,0,0,0,0,0
937,8,0,0,0,0,0,0,0,0,0,4,0,0,0,0,0,0,0,0,0
938,4,0,0,0,0,0,0,0,0,0,2,0,0,0,0,0,0,0,0,0
939,2,0,0,0,0,0,0,3,0,0,4,0,0,0,0,0,0,0,0,0
940,1,0,0,0,0,0,0,4,0,0,5,0,0,0,0,0,0,0,0,0
941,0,0,0,0,0,0,0,5,0,0,5,0,0,0,0,0,0,0,0,0
942,6,3,0,0,0,0,6,2,0,0,5,0,0,0,0,0,0,0,0,0
943,12,4,0,0,0,0,12,1,0,0,5,0,0,0,0,0,0,0,0,0
944,6,2,3,0,0,0,9,0,0,0,5,0,0,0,0,0,0,0,3,0
945,3,1,4,0,0,0,4,0,0,0,11,0,0,0,0,0,0,0,4,0
946,1,0,2,0,0,0,2,0,0,0,5,0,0,0,0,6,0,0,2,0
947,11,0,1,0,0,0,1,0,0,0,5,0,0,0,0,3,0,0,1,0
948,17,0,0,0,0,0,0,0,0,3,11,0,0,0,0,4,0,0,0,0
949,23,0,0,0,0,0,0,0,0,1,17,0,0,0,0,5,0,0,0,0
950,14,0,0,0,0,0,0,0,0,0,35,0,0,0,0,2,0,0,0,0
951,10,0,0,0,0,0,3,0,0,0,41,0,0,0,0,1,0,0,0,0
952,8,0,3,0,0,0,1,0,0,0,71,0,0,0,0,0,0,0,0,0
953,14,0,1,0,0,0,0,0,0,0,35,0,0,0,0,0,0,0,0,0
954,10,0,0,0,0,0,0,3,0,0,17,0,0,0,0,0,0,0,0,0
955,16,0,0,0,0,0,0,1,0,0,23,0,0,0,0,0,0,0,0,0
956,8,0,0,0,0,0,3,0,0,0,11,0,0,0,0,0,0,0,0,0
957,7,0,0,0,0,0,1,0,0,0,8,0,0,0,0,3,0,0,0,0
958,13,0,0,0,0,0,0,0,0,0,22,0,0,0,0,4,0,0,0,0
959,9,0,0,0,0,0,0,0,0,0,28,0,0,0,0,5,0,0,0,0
960,15,0,0,0,0,0,0,0,0,0,14,0,0,0,0,5,0,0,0,0
961,21,0,0,0,0,0,0,0,0,0,7,0,0,0,0,5,0,0,0,0
962,13,0,0,0,0,0,3,0,0,0,3,0,0,0,0,2,0,0,0,0
963,19,0,0,3,0,0,4,0,0,0,1,0,0,0,0,1,0,0,0,0
964,25,0,0,9,0,0,2,0,0,0,0,0,0,0,0,0,0,0,0,0
965,31,0,0,7,0,0,4,0,0,0,3,0,0,0,0,0,0,0,0,0
966,18,0,0,3,0,0,2,0,0,0,4,0,0,0,0,3,0,0,0,0
967,12,0,0,1,0,0,1,0,0,0,5,0,0,0,0,4,0,0,0,0
968,18,0,0,0,0,3,3,0,3,0,5,0,0,0,0,2,0,0,0,0
969,9,0,0,0,0,4,1,0,4,0,2,0,0,0,0,1,0,0,0,0
970,4,0,0,0,0,2,0,0,2,0,1,0,0,0,0,0,0,0,0,0
971,2,0,0,0,0,1,0,0,1,0,0,0,0,0,0,0,0,0,0,0
972,1,0,0,0,0,0,0,0,0,0,0,0,0,0,0,0,0,0,0,0
973,0,0,0,0,0,3,0,0,0,0,0,0,0,0,0,0,0,3,0,0
974,0,0,0,0,0,4,0,0,0,0,0,0,0,0,0,0,0,9,0,0
975,0,3,0,0,0,2,0,0,0,0,0,0,0,0,0,0,0,4,0,3
976,3,1,0,0,0,8,0,0,0,0,0,0,0,0,0,3,0,2,0,1
977,13,0,0,0,0,4,0,0,0,3,3,0,0,0,0,1,0,1,0,0
978,19,0,0,0,0,2,0,0,0,4,4,0,0,0,0,0,0,0,0,0
979,9,0,0,0,0,1,0,0,0,2,5,0,0,0,0,0,0,0,0,0
980,4,0,0,0,0,0,0,0,0,1,5,0,0,0,0,3,0,0,0,0
981,2,0,0,0,0,0,0,0,0,0,2,0,0,0,0,4,0,0,0,0
982,12,0,0,0,0,0,0,0,0,0,1,0,0,0,0,2,0,0,0,0
983,18,0,0,0,0,0,0,0,0,0,0,0,0,0,0,1,0,0,0,0
984,61,0,0,0,0,0,0,0,0,0,0,0,0,0,0,0,0,0,0,0
985,67,0,0,0,0,0,0,0,0,0,0,0,0,0,0,0,0,0,0,0
986,110,0,0,0,0,0,0,0,0,0,0,0,0,0,0,0,0,0,0,0
987,232,0,0,0,0,0,0,0,0,3,0,0,0,0,0,0,0,0,0,0
988,597,0,0,0,0,0,0,0,0,1,0,0,0,0,0,0,0,0,0,0
989,1206,0,0,0,0,0,0,0,0,0,0,0,0,0,0,0,0,0,0,0
990,606,0,3,0,0,0,0,0,0,0,0,0,0,0,0,0,0,0,0,0
991,303,0,1,0,0,0,0,0,0,0,3,0,0,0,0,3,0,0,0,0
992,151,0,0,0,0,0,0,0,0,0,1,0,0,0,0,1,0,3,0,0
993,75,0,0,0,0,0,0,0,0,0,0,0,0,0,0,0,0,4,0,0
994,40,0,0,0,0,0,0,0,0,0,0,0,0,0,0,0,0,5,0,0
995,70,0,0,0,0,0,0,0,0,0,0,0,0,0,0,0,0,2,3,0
996,76,0,0,0,0,0,0,0,0,0,0,0,0,0,0,3,0,1,1,0
997,123,0,0,0,0,0,0,0,0,0,0,0,0,0,0,1,0,0,0,0
998,129,0,0,0,0,0,3,0,0,0,0,0,0,0,0,0,0,0,0,0
999,67,0,0,0,0,0,1,0,0,0,0,0,0,0,0,6,0,0,0,0
1000,110,0,0,0,0,0,0,0,0,0,0,0,0,0,0,3,0,0,3,0
1001,174,0,0,0,0,0,0,0,0,0,0,0,0,3,0,1,0,0,1,0
1002,90,0,0,3,0,0,0,0,0,0,0,0,0,1,0,3,0,0,0,0
1003,96,0,0,1,0,0,0,0,0,3,0,0,0,0,0,1,0,0,0,0
1004,51,0,0,0,0,0,0,0,0,4,0,0,0,0,0,3,0,0,0,0
1005,28,0,0,0,0,0,0,0,0,2,0,0,0,0,0,1,0,0,0,0
1006,17,0,0,0,0,0,3,0,0,1,0,0,0,0,0,0,0,3,0,0
1007,34,0,0,0,0,0,1,0,0,0,0,0,0,0,0,0,0,1,0,0
1008,61,0,0,0,0,0,3,0,0,0,0,0,0,0,0,0,0,3,0,0
1009,101,0,0,0,0,0,4,0,0,0,0,0,0,0,0,0,0,1,0,0
1010,50,0,0,0,0,0,2,0,0,0,0,0,0,0,0,0,0,0,0,0
1011,25,0,0,0,0,0,1,3,0,0,0,0,0,0,0,0,0,0,0,0
1012,12,0,0,0,0,0,0,1,0,0,0,0,0,0,0,0,0,0,0,0
1013,6,0,0,0,0,0,0,0,0,0,0,0,0,0,0,0,0,0,3,0
1014,6,0,0,0,0,0,0,0,0,0,0,0,0,0,0,3,0,0,4,0
1015,3,0,0,0,0,0,0,0,0,0,0,0,0,0,0,9,0,0,5,0
1016,13,0,0,0,0,0,0,0,0,0,0,0,0,0,0,4,0,0,2,0
1017,39,0,0,0,0,0,0,3,0,0,0,3,0,0,0,2,0,0,1,0
1018,67,0,0,0,0,0,0,4,0,0,0,4,0,0,0,1,0,0,0,0
1019,33,0,0,0,0,0,0,2,0,0,0,2,0,0,0,0,0,0,0,0
1020,19,0,0,0,0,0,0,1,0,0,0,1,0,0,0,0,0,0,0,0
1021,9,0,0,0,0,0,0,0,0,0,0,0,0,0,0,0,0,0,0,0
1022,4,0,0,0,0,0,0,0,0,0,0,0,0,0,0,0,0,0,0,0
1023,27,0,0,0,0,0,0,0,0,0,0,0,0,0,0,0,0,0,0,0
1024,33,0,0,0,0,0,0,0,0,0,0,0,0,0,0,0,0,0,0,0
1025,59,0,0,0,0,0,0,0,0,0,0,0,0,0,0,0,0,0,0,0
1026,32,0,0,0,0,0,0,0,0,0,0,0,0,0,0,0,0,0,0,0
1027,19,0,0,0,0,0,0,0,0,0,0,0,0,0,0,0,0,0,0,0
1028,9,0,0,0,0,0,0,0,0,0,0,0,0,0,0,0,0,0,0,0
1029,46,0,0,0,0,0,0,0,0,0,0,0,0,0,0,3,0,0,0,0
1030,79,0,0,0,0,0,0,0,0,0,0,0,0,0,0,1,0,0,0,0
1031,39,0,0,0,0,0,0,0,0,3,0,0,0,0,0,0,0,0,0,9
1032,68,0,0,0,0,0,0,0,0,1,0,0,0,0,0,0,0,0,0,4
1033,186,3,0,0,0,0,0,0,0,0,0,0,0,0,0,0,0,0,0,2
1034,93,4,0,0,0,0,0,0,0,0,6,0,0,0,0,0,0,0,0,1
1035,46,5,0,0,0,0,0,0,0,0,3,0,0,0,0,0,0,0,0,0
1036,23,5,0,0,0,0,0,0,0,0,1,0,0,0,0,0,0,0,0,0
1037,11,2,0,0,0,0,0,0,0,0,0,0,0,0,0,0,0,0,0,0
1038,5,1,0,0,0,0,0,0,0,0,0,0,0,0,0,0,0,0,0,0
1039,2,0,0,0,0,0,0,0,0,0,0,0,0,0,0,0,0,0,0,0
1040,1,0,0,0,0,0,0,3,0,0,0,0,0,0,0,0,0,3,0,0
1041,0,0,0,0,0,0,0,1,0,0,0,0,0,0,0,0,0,4,0,0
1042,0,0,0,0,0,0,0,0,0,0,0,0,0,0,0,0,0,5,0,0
1043,0,0,0,0,0,0,0,0,0,0,0,0,0,0,0,0,0,2,0,0
1044,0,0,0,0,0,0,0,0,0,0,0,0,0,0,0,0,0,1,0,0
1045,0,0,0,0,0,0,0,6,0,0,0,0,0,0,0,0,0,0,0,0
1046,3,0,0,0,0,0,3,6,0,0,0,0,0,0,0,3,0,0,0,0
1047,4,0,0,0,0,0,1,3,0,0,0,0,0,0,0,1,0,0,0,0
1048,5,0,0,0,0,0,0,4,3,0,0,0,0,0,0,3,0,0,0,0
1049,5,0,3,0,0,0,0,2,1,0,0,0,0,0,0,1,0,0,0,0
1050,5,0,1,0,0,0,0,1,0,0,3,0,0,0,0,3,0,0,0,0
1051,5,0,3,3,0,0,0,0,0,0,1,0,0,0,0,1,0,0,0,0
1052,5,3,1,4,0,0,0,0,0,0,0,0,0,0,0,0,0,0,0,0
1053,5,1,0,2,0,0,0,6,0,9,0,0,0,0,0,0,0,0,0,0
1054,11,0,0,1,0,0,0,12,0,7,0,0,0,0,0,0,0,0,0,0
1055,17,0,0,0,0,0,0,18,0,3,0,0,0,0,0,0,0,0,0,0
1056,23,0,0,0,0,0,0,12,3,4,0,0,0,0,0,0,0,0,0,0
1057,14,0,0,0,0,0,0,6,1,2,0,0,0,0,0,0,0,3,3,0
1058,20,0,0,0,0,3,0,6,0,1,0,0,0,0,0,0,0,1,1,0
1059,26,0,0,0,0,4,0,3,0,0,0,0,0,0,0,0,0,0,0,0
1060,65,0,0,3,0,2,0,4,0,6,0,0,0,0,0,0,0,3,0,0
1061,107,3,0,4,0,1,0,5,0,12,0,0,0,0,0,0,0,4,0,0
1062,113,4,0,2,0,0,0,2,0,9,0,0,0,0,0,0,0,2,0,0
1063,56,2,0,1,0,3,0,1,0,4,0,0,0,0,0,0,0,1,0,0
1064,125,1,0,3,0,1,0,0,0,5,0,0,0,0,0,0,0,0,0,0
1065,131,0,0,1,0,0,0,0,0,16,0,0,0,0,0,0,0,3,0,0
1066,68,0,0,0,0,0,0,0,0,34,0,0,0,0,0,0,0,4,0,0
1067,37,0,0,0,0,0,0,0,0,17,0,0,0,0,0,0,0,2,0,0
1068,43,0,0,0,0,0,3,0,0,8,0,0,0,0,0,0,0,1,0,0
1069,21,0,0,0,0,0,1,0,0,4,0,0,0,0,0,3,0,0,3,0
1070,10,0,0,0,0,0,0,0,0,2,0,0,0,0,0,9,0,0,1,0
1071,16,0,0,0,0,0,0,6,0,1,0,0,0,0,0,4,0,0,0,0
1072,8,0,0,0,0,0,0,18,0,0,0,0,0,0,0,2,0,0,0,0
1073,14,0,0,0,0,0,0,9,0,0,0,0,0,0,9,4,0,0,3,0
1074,20,0,0,0,0,0,3,4,0,0,0,0,0,0,22,10,0,0,4,0
1075,26,0,0,0,0,0,4,2,0,0,0,0,0,0,42,16,0,0,5,0
1076,32,0,0,0,0,0,5,1,0,0,0,0,0,0,48,22,0,0,2,0
1077,19,3,0,0,0,0,2,0,0,0,0,0,0,0,24,14,0,0,1,0
1078,9,1,0,0,0,0,1,0,0,0,0,0,0,0,12,7,0,0,0,0
1079,4,0,0,0,0,0,0,0,0,0,0,0,0,0,6,3,0,0,0,0
1080,2,0,0,0,0,0,0,0,0,0,0,0,0,0,3,1,0,0,0,0
1081,1,0,0,0,3,0,0,0,0,0,0,0,0,0,1,3,0,0,0,0
1082,0,0,0,0,1,0,0,3,0,0,0,0,0,0,0,1,0,0,0,0
1083,0,0,0,0,0,0,0,4,0,0,0,0,0,0,0,0,0,0,0,0
1084,0,0,0,0,0,3,0,2,0,0,0,0,0,0,0,0,0,0,0,0
1085,0,0,0,0,0,1,0,1,0,0,0,0,0,0,0,3,0,0,3,0
1086,0,0,0,0,0,0,0,0,0,0,0,0,0,0,0,1,0,0,1,0
1087,0,0,0,0,0,0,0,0,0,0,0,0,0,0,0,0,0,0,0,0
1088,0,0,0,0,0,0,0,0,0,0,0,0,0,0,0,0,0,0,0,0
1089,3,0,0,0,0,0,0,0,0,0,0,0,0,0,0,0,0,0,0,0
1090,1,0,0,0,0,0,0,0,0,0,0,0,0,0,0,3,0,0,0,0
1091,18,0,0,0,0,0,0,0,0,0,0,0,0,0,0,1,0,0,0,0
1092,9,0,0,0,0,3,0,3,0,0,0,0,0,0,0,3,0,0,0,0
1093,4,0,0,0,0,1,0,4,0,0,0,0,0,0,0,4,0,0,0,0
1094,2,0,0,0,0,0,0,2,0,0,0,0,0,0,0,2,0,0,0,0
1095,1,0,0,0,0,0,0,1,0,0,0,0,0,0,0,1,0,0,0,0
1096,3,0,0,0,0,0,0,3,0,0,0,0,0,0,0,0,0,0,0,0
1097,9,0,0,0,0,0,0,4,0,0,0,0,0,0,0,0,0,0,0,0
1098,15,0,0,0,0,0,0,2,0,0,0,0,0,0,0,0,0,0,0,0
1099,21,0,0,0,0,0,0,4,0,0,0,0,0,0,0,0,0,0,3,0
1100,27,0,0,0,0,0,0,5,0,0,0,0,0,0,3,3,0,0,9,0
1101,33,0,0,0,0,0,0,2,0,0,0,0,0,0,4,4,0,0,15,0
1102,19,0,0,0,0,0,0,1,0,0,0,0,0,0,5,5,0,0,21,0
1103,9,0,0,0,0,0,0,0,0,0,0,0,0,0,2,5,0,0,13,0
1104,7,0,0,0,0,0,0,0,0,0,0,0,0,0,1,5,0,0,6,0
1105,6,0,0,0,0,0,0,0,0,3,0,0,0,0,0,2,0,0,3,0
1106,6,0,0,0,0,0,0,0,0,4,0,0,0,0,0,1,0,0,1,0
1107,6,0,0,0,0,0,0,0,0,2,0,0,0,0,0,0,0,0,0,0
1108,3,0,0,0,0,0,0,0,0,1,0,0,0,0,0,0,0,0,0,0
1109,1,0,0,0,0,0,0,0,0,0,0,0,0,0,0,0,0,0,0,0
1110,7,0,0,0,0,0,0,0,0,0,0,0,0,0,0,0,0,0,0,0
1111,20,0,0,0,0,0,0,0,0,0,0,0,0,0,0,0,0,0,0,0
1112,10,0,0,0,0,0,0,0,0,0,0,0,0,0,0,0,0,0,0,0
1113,5,0,0,0,0,0,0,0,0,0,0,3,0,0,0,0,0,0,0,0
1114,2,0,0,0,0,0,0,0,0,3,0,1,0,0,0,0,0,0,3,0
1115,1,0,0,0,0,3,0,0,0,1,0,0,0,0,0,6,0,0,1,0
1116,0,0,0,0,0,1,0,0,0,3,0,0,0,0,0,6,0,0,0,0
1117,0,3,0,0,0,0,0,0,0,4,0,0,0,0,0,6,0,0,0,0
1118,0,4,0,0,0,0,0,0,0,5,0,0,0,0,0,6,0,0,0,0
1119,0,10,0,3,0,0,0,0,0,11,0,0,0,0,0,6,0,0,0,0
1120,0,16,0,4,0,0,0,0,0,8,0,0,0,0,0,3,0,0,0,0
1121,0,8,0,2,0,0,0,0,0,4,0,0,0,0,0,9,0,0,0,0
1122,0,4,0,1,0,0,0,0,0,2,0,0,0,0,0,4,0,0,3,0
1123,0,2,0,0,0,0,0,0,0,1,0,0,0,0,0,2,0,0,1,3
1124,0,1,3,3,0,0,0,0,0,3,0,0,0,0,0,1,0,0,3,13
1125,0,0,1,1,0,0,0,3,0,1,0,0,0,0,0,3,0,0,1,6
1126,0,3,0,3,0,0,0,1,0,7,0,0,0,0,0,1,3,0,0,3
1127,0,4,0,4,0,0,0,0,0,6,0,0,0,0,0,0,9,0,0,1
1128,3,2,0,2,0,0,0,0,0,3,0,0,0,3,0,0,4,0,0,0
1129,4,1,0,8,0,0,0,3,3,9,0,0,0,1,0,0,5,3,0,0
1130,10,0,0,4,0,0,0,1,1,7,0,0,0,0,0,3,2,4,0,0
1131,16,0,0,2,0,0,0,0,0,3,0,0,0,0,0,4,1,10,0,0
1132,22,0,0,4,0,0,0,0,0,1,0,0,0,0,0,2,0,8,0,0
1133,11,0,6,2,0,0,0,0,0,0,0,0,0,0,0,4,0,7,6,0
1134,8,0,12,1,0,0,0,0,0,0,0,0,0,0,0,2,0,3,3,0
1135,4,0,6,0,0,0,0,0,0,0,0,0,0,0,0,1,0,1,1,0
1136,10,0,3,0,0,0,0,0,0,0,0,0,0,0,0,3,0,0,0,0
1137,16,0,1,0,0,0,0,0,0,0,0,0,0,0,0,4,0,0,0,0
1138,22,0,0,0,0,0,0,0,0,0,0,0,3,0,0,2,0,0,3,0
1139,28,0,0,0,0,0,0,0,0,0,0,0,4,0,0,1,0,0,4,0
1140,51,3,3,0,0,0,0,0,0,0,0,0,2,0,0,0,0,0,2,0
1141,86,1,4,0,0,0,0,0,0,0,0,0,1,0,0,0,0,0,1,0
1142,43,0,2,0,0,0,0,0,0,0,0,0,0,0,0,0,0,0,0,0
1143,21,0,1,3,0,0,0,0,0,0,0,0,0,0,0,0,0,0,0,0
1144,10,0,3,1,0,0,0,0,0,0,0,0,0,0,0,0,0,0,6,0
1145,16,3,4,3,0,0,0,0,0,3,0,0,0,0,0,0,0,0,6,0
1146,34,1,5,4,0,0,0,0,0,1,0,0,0,0,0,0,0,0,3,0
1147,40,0,2,2,0,0,0,0,0,0,0,0,0,0,0,0,0,0,1,0
1148,20,0,1,4,0,0,0,0,0,0,0,0,0,0,0,0,0,0,0,0
1149,13,0,0,5,0,0,0,0,0,0,0,0,0,0,0,3,0,0,0,0
1150,6,0,0,2,0,0,0,0,0,0,0,0,0,0,0,1,0,0,0,0
1151,3,0,0,1,0,0,0,0,0,0,0,0,0,0,0,0,0,0,0,0
1152,4,0,9,7,0,0,0,0,0,0,0,0,0,0,0,3,0,0,3,0
1153,5,0,4,3,0,0,0,0,0,0,0,0,0,0,0,1,0,0,4,0
1154,5,0,10,14,0,0,0,0,0,0,0,0,0,0,0,0,0,0,2,0
1155,2,0,5,7,0,0,0,0,0,0,0,0,0,0,0,0,0,0,1,0
1156,1,0,2,3,3,0,0,0,0,0,0,0,0,0,0,0,0,0,3,0
1157,0,3,4,1,1,3,0,0,0,0,0,0,0,0,0,0,0,0,9,3
1158,0,1,2,0,0,4,0,0,0,3,0,0,0,0,0,0,0,0,7,1
1159,0,0,1,0,0,5,0,0,0,4,0,0,0,0,0,0,0,0,6,0
1160,6,0,0,0,0,5,0,6,0,2,0,0,0,0,0,0,0,0,3,0
1161,18,0,0,0,0,2,0,3,3,8,0,0,0,0,0,0,0,0,1,0
1162,36,0,0,0,0,1,0,4,4,14,0,0,0,0,0,0,0,0,0,0
1163,42,0,0,0,0,0,0,5,5,7,0,0,0,0,0,0,0,0,0,0
1164,21,0,0,0,0,0,0,2,2,3,0,6,0,0,0,0,0,0,0,0
1165,10,3,3,0,0,0,0,1,1,1,0,3,0,0,0,0,0,0,0,0
1166,8,1,1,3,0,0,0,0,0,0,0,1,0,0,0,3,0,0,3,0
1167,4,0,0,1,0,0,0,0,0,0,0,0,0,0,0,1,0,3,1,0
1168,2,0,0,0,0,0,0,0,0,0,0,0,0,0,0,3,0,1,0,0
1169,1,3,0,0,0,0,0,0,0,0,0,0,0,0,0,1,0,3,3,0
1170,0,1,0,0,0,0,0,0,0,0,0,0,0,0,0,0,0,1,1,0
1171,0,0,0,0,0,0,0,3,0,0,0,0,0,0,0,0,0,0,0,0
1172,6,0,0,0,0,0,0,1,0,0,0,0,0,0,0,0,0,0,0,0
1173,3,0,0,0,0,0,0,7,0,0,0,0,0,0,0,0,0,0,0,0
1174,4,0,0,0,0,0,0,6,0,0,0,0,0,0,0,0,0,0,0,0
1175,5,0,0,0,0,0,0,6,0,0,0,0,0,0,0,0,0,0,0,0
1176,5,0,0,0,0,0,0,6,0,0,0,0,0,0,0,0,0,0,0,0